:020000040800F2
:10000000383300201D0300089158000845540008AB
:100010008D580008F915000805620008000000006E
:10002000000000000000000000000000055900086A
:100030002518000800000000015900085D5900085B
:1000400037030008370300083703000837030008A8
:100050003703000837030008370300083703000898
:100060003703000837030008370300083703000888
:100070003703000837030008370300083703000878
:100080003703000837030008370300082D1600085F
:10009000FD1500080D1600081D160008370300089E
:1000A0003703000837030008370300083703000848
:1000B0003703000837030008370300083703000838
:1000C0003703000837030008370300083703000828
:1000D00037030008F56100083703000837030008FC
:1000E0003703000837030008370300083703000808
:1000F00037030008370300083703000837030008F8
:1001000037030008370300083703000837030008E7
:1001100037030008370300083703000837030008D7
:1001200037030008370300087D160008370300086E
:100130003703000837030008370300086D1600086E
:100140003D1600084D1600085D160008370300082C
:100150003703000837030008370300083703000897
:100160003703000837030008370300083703000887
:1001700037030008370300083703000800000000B9
:100180003703000837030008795900088959000827
:100190003703000837030008370300083703000857
:1001A00000000000000000003703000800F002F823
:1001B00000F0A4F80AA090E8000C82448344AAF15D
:1001C0000107DA4501D100F099F8AFF2090EBAE85B
:1001D0000F0013F0010F18BFFB1A43F0010318477B
:1001E00094D20000B4D200000A4410F8014B14F07D
:1001F0000F0508BF10F8015B240908BF10F8014B78
:100200006D1E05D010F8013B6D1E01F8013BF9D1C0
:10021000641E03D0641E01F8015BFBD19142E4D35C
:10022000704700000023002400250026103A28BF54
:1002300078C1FBD8520728BF30C148BF0B60704758
:100240006E2900F04B82702900F08F8366290CF034
:10025000E48665290CF0E18667290CF0DE866129C9
:100260000CF0DD8603681B0A28BF41F08001692974
:1002700000F0F881642900F0F581752900F0F28121
:100280006F2900F01D83782900F05B83E92900F0D5
:10029000B782E42900F0B482F52900F0B182EF2999
:1002A00000F01A83F82900F05A830368DB0928BF9D
:1002B00041F08001632901F05F80732901F06480BF
:1002C000E32901F06F80F32901F07480002070476A
:1002D0001FB50CF090FE01F0C7F8040000200021CB
:1002E0000CF07CFD401C6060002000210CF060FDE3
:1002F000E06000F037F91FBD10B510BD01F086F8C1
:100300001146FFF7E5FF0AF0DFFE01F063F903B4E1
:10031000FFF7F2FF03BC01F067F9000009488047CE
:1003200009480047FEE7FEE7FEE7FEE7FEE7FEE7D7
:10033000FEE7FEE7FEE7FEE704480549054A064BEF
:100340007047000065590008AD01000838270020FB
:1003500038330020382F0020382F002053EA020CB9
:1003600000F069802DE9F04B4FF00006002B1FBF15
:10037000B3FA83F503FA05F424FA05F65E4012BFDA
:100380001643B2FA82F502FA05F4C5F120051EBF44
:1003900022FA05FC44EA0C04203556EA044C4FEAE4
:1003A000144418BF641C4FF000084FF0000990423D
:1003B00071EB030C39D3002919BFB1FA81F701FAA7
:1003C00007F6B0FA80F700FA07F6C7F120071EBF5C
:1003D00020FA07FC46EA0C062037B6FBF4FCA7EB34
:1003E0000507103F07F01F0BCBF120062CFA06F68D
:1003F0000CFA0BFB44BFB3460026202FA4BF5E4679
:100400004FF0000B5BEA060C08BF4FF0010B19EB35
:100410000B0948EB0608ABFB027C06FB02CC0BFB8E
:1004200003CCC01B71EB0C01C1E70B4602464146F1
:100430004846BDE8F08B13B5084318BF4FF0FF30B6
:100440000146AFF30080BDE81C4070470FB41CB5F7
:100450000C0007AA009007D04142A14202D32044D9
:10046000401E01E04FF0FF30074B7B44694601908E
:10047000069800F04CF90021002C01D0009A117070
:100480001CBC5DF814FB0000C70200004FF0000226
:1004900000B5134694469646203922BFA0E80C507A
:1004A000A0E80C50B1F12001BFF4F7AF090728BF55
:1004B000A0E80C5048BF0CC05DF804EB890028BFD1
:1004C00040F8042B08BF704748BF20F8022B11F0FA
:1004D000804F18BF00F8012B70470000000000009B
:1004E00030B44FF0013C50F8042B51F8043BCCFAE7
:1004F00052F4D51A20D1FCB950F8042B51F8043B22
:10050000CCFA52F4D51A17D1B4B950F8042B51F8DB
:10051000043BCCFA52F4D51A0ED16CB950F8042B26
:1005200051F8043BCCFA52F4D51A05D1002CDAD09C
:1005300030BC4FF00000704729BAB1FA81F111F0D8
:100540001801D1F120008440F2D1CA40CB4012F012
:10055000FF0213F0FF0330BCD01A7047704770479A
:100560007047000070B5064C7C44064D7D4404E0A5
:100570002046016808448047241DAC42F8D170BD74
:1005800054D0000054D0000010B500F0BDFA00684F
:1005900010BD10B5044600F0B7FA046010BD70B588
:1005A000044685690068C10601D5302600E0202692
:1005B000C00707D070BDD4E9012130469047206ABA
:1005C000401C20626D1EF6D570BD70B5044685696D
:1005D0000078C00707D170BDD4E9012120209047E1
:1005E000206A401C20626D1EF6D570BD09684A0560
:1005F00001D540B27047C905FCD500B27047096803
:100600004A0501D5C0B27047C905FCD580B2704714
:1006100070B50C460546012A05D02878800600D51D
:10062000EA69002302E0012305E05B1C934202D249
:10063000E05C0028F9D1A869E618C01AA861286A08
:10064000184428622846FFF7AAFF04E0D5E90121F3
:1006500014F8010B9047B442F8D32846FFF7B5FFD2
:1006600070BD00002DE9F041064600241068752990
:10067000314616A510D0FFF7B9FF002802DA404234
:1006800013A507E031688A0701D512A502E04907E2
:1006900004D511A5012401E0FFF7B1FF00210A22D2
:1006A00006F1240709E0B0FBF2FCB0FBF2F302FB19
:1006B0001C00303078541846491C0028F3D12346DA
:1006C0002A463046BDE8F04100F067BA000000005D
:1006D0002D0000002B0000002000000011680268BF
:1006E000006A530501D508700AE0D30501D50880DA
:1006F00006E0130603D5C217C1E9000200E0086056
:100700000120704701694A1C02610878704700B5F2
:100710008FB0CDE901310021059105497944CDE93A
:1007200003101146684600F02BF90FB000BD000021
:10073000E5FFFFFFD1E900239A4202D2531C0B6070
:10074000107070472DE9FF5F15468A460446DFF8B2
:10075000AC80F8440027D8E900103E46CDE90010EF
:1007600010E03AF816106A4602A800F027FE411C75
:1007700007D02178890603D5E269391891420DD84E
:100780000744761C2078800602D5E069B84205DD72
:10079000AE42E6DB3AF816000028E2D1A069C01BA1
:1007A000A0612046FFF7FBFED8E90010CDE900105C
:1007B000002017E03AF818106A4602A800F0FEFD83
:1007C000B0F1FF3F81460BD000250DF1080B05E08D
:1007D000D4E901211BF8050090476D1C4D45F7D366
:1007E00008F10100B0428046E4DB206A3844206210
:1007F0002046FFF7EAFEBDE8FF9F00000ECA00009A
:100800002DE9F0418046D21D22F007020025D2E9F1
:100810000002F52915A614D0011E72F1000106DAB6
:100820000023D0EB030063EB020211A608E0D8F826
:1008300000108B0701D50FA602E0490701D50EA6CF
:1008400001251146002408F1240704E000F060F9B6
:1008500030323A55641C50EA0102F7D12B46324639
:1008600021464046BDE8F04100F097B90000000085
:100870002D0000002B0000002000000030B40021FB
:1008800000F1240408E002F00705D208303542EAFE
:100890004372DB086554491C52EA0305F3D104682E
:1008A000002310A2250708D504F020040C4304D02F
:1008B000C46901230CA2641EC46130BC00F06DB990
:1008C00010B5044621461068FFF799FE02462046FF
:1008D000BDE810400023D1E7D21D22F00701D1E985
:1008E0000023CBE70000000030000000F0B40D460C
:1008F0000188090502D5214C7C4402E01F4C7C4450
:100900000E34002100F1240608E002F00F0712095E
:10091000E75D42EA03721B097754491C52EA030758
:10092000F3D102780023120704D5702D06D009B147
:10093000022311342246F0BC00F02FB901231034F9
:10094000F8E770B504460D4621461068FFF757FEDC
:10095000024629462046BDE870400023C6E7D21D66
:1009600022F00703D3E90023C0E70368126843F0CD
:10097000200303600823C3610023B7E770C80000A9
:100980002DE9F05F894604464FF0000ADFF874B1A4
:10099000FB44C0F820A02046E1688847002874D0B6
:1009A000252806D0D4E901219047206A401C206206
:1009B000F1E700265F462046E16888472028054683
:1009C00007DB312D05D2781910F8200C08B1064349
:1009D000F1E7B00701D526F00406C4F81CA00027F3
:1009E000C4F818A02A2D09D028460CF0D9F938B33C
:1009F00004EB8708303DC8F8185019E059F8041B7B
:100A0000204604EB87029161E1688847012F054683
:100A100018D1E069002820DA26F020061DE0D8F879
:100A2000180000EB800005EB40003038C8F81800D3
:100A30002046E168884705460CF0B2F90028EED15F
:100A4000012F0AD02E2D08D12046E16888477F1C4F
:100A50000546022F46F02006C4DBA069002803DA11
:100A6000404246F00106A061F00701D026F01006D2
:100A70006C2D0BD0682D09D04C2D39D06A2D35D076
:100A8000742D35D07A2D33D016E038E0E1682F464A
:100A900020468847B842054609D16C2F26D04FF42E
:100AA0008060E168064320468847054604E06C2FD5
:100AB0001AD04FF4807006430DB3A5F141001928F8
:100AC00002D8203546F400664A462946204626606C
:100AD0004E46FFF7B5FB80B101280BD0F61D26F07E
:100AE000070000F1080956E74020E4E78020D8E736
:100AF0000020D6E706F104094DE7284652E7206AB0
:100B0000BDE8F09F00C8000000487047480300207F
:100B100030B5B0F10A0271F100034FEA900E4EEACF
:100B2000817EB0EB0E0061EB91014FEA101E4EEAA0
:100B3000017E10EB0E0041EB11114FEA102E4EEA30
:100B4000016E10EB0E0041EB11214FEA104E4EEA00
:100B5000014E10EB0E0041EB1141401841F1000134
:100B60004FEAD00040EA41704FEAD1014FEA8104D8
:100B700044EA907410EB800544EB01046D1944EBDA
:100B80000404521BA3414FF0000348BF0A3200D5B2
:100B900030BD401C41F1000130BD2DE9F0470D464C
:100BA00099469246044600F124080168880604D557
:100BB000E06921F01001216000E00120A84201DD80
:100BC000471B00E00027A1697A1902EB0900081A07
:100BD000A0612078C00602D42046FFF7E0FC002682
:100BE00008E0D4E901211AF806009047206A401C69
:100BF000761C20624E45F4DB2078C0060AD52046DC
:100C0000FFF7CDFC06E0D4E9012130209047206AAF
:100C1000401C2062381EA7F10107F4DC07E0D4E98C
:100C2000012118F805009047206A401C2062281E08
:100C3000A5F10105F3DC2046FFF7C7FC207800068C
:100C400002D50220BDE8F0870120FBE72DE9FF4F28
:100C50000C461E464FF0FF378BB0D2E90001DDF89D
:100C600060800A908A46C1F30A5505B93D460021C5
:100C700008464FF00000BAF1000F00F4400005DA1A
:100C800000EB80004FF4400101EA50004FEA905918
:100C9000B9F1010F00DDB9460A9850EA4A000ED0BA
:100CA00044F61050A5F2FF3545432F14B8F1000F5C
:100CB0001ED07542291E1EDDC9F100021CE0B8F1EC
:100CC000010F4FF0000001D0302103E0F24305E0B6
:100CD0002154401CB042FBDB30460022002121544D
:100CE0000B99C1F80880C1E900200FB0BDE8F08F72
:100CF000BD1B6D1CDEE74A4600DA694206A800F01B
:100D0000F7FB06AB93E8070003AB83E80700504608
:100D10000A990BF0F9F88DE80700A0F500501F388C
:100D200000900398002D0ADD42F21F014A46084454
:100D3000002303A9039068460BF062FB09E0A0F5CD
:100D400000504A461F38002303A9039068460BF061
:100D50006CFB8DE807000004000C03D04FF0FF305F
:100D6000410800E01046B8F1000F03D000220092C5
:100D700015461EE0751E05D4FFF7CAFE30326255D7
:100D80006D1EF9D5B3460122084302D000227F1C14
:100D900004E02078302801D100227F1E002A099724
:100DA00084D01DE0112D07DAFFF7B2FE3032625514
:100DB0006D1C50EA0102F5D1084302D00098C8B179
:100DC0000EE00021681E05E0235C625C635422543F
:100DD000401E491C8142F7DBAB46A81B401E099010
:100DE000002004F80B000B98099AC0F80880C0E9AD
:100DF000002B7AE711264FF0000857E72DE9F04F56
:100E000088460446D21D22F0070191B0D1E90001C5
:100E1000CDE90A010BF040FC02460B98C00F01D04F
:100E20002D2007E02068810701D52B2002E020213A
:100E300001EAC000032A099001D0072A05DB034616
:100E40004146204600F014FB0BE12078800601D5D6
:100E5000E06900E00620B8F1650F814606D0B8F1E0
:100E6000660F18D0B8F1670F70D131E00020B9F1EA
:100E7000110F009001DB112301E009F101030AAA1F
:100E800001A90CA8FFF7E2FEDDE90C70002609F1CC
:100E90000105834647E001204B4600904FF0004794
:100EA0000AAA01A90CA8FFF7D1FEDDE90DB00C9943
:100EB0005D46002610B909F101000D18B9EB0500D7
:100EC00003D4C0F1FF3609F10105A5EB09002BE0C1
:100ED000B9F1010F01DA4FF001090020B9F1110F4A
:100EE0000090484601DD112300E003460AAA01A94B
:100EF0000CA8FFF7ABFEDDE90C704D4600268346DB
:100F0000207800070AD4AB4500DA5D4601A8012D20
:100F100004DD411911F8011C302907D04F4502DAD0
:100F200017F1040F04DA012082460FE06D1EEEE790
:100F3000002F02DCED1B3E4403E0781CA84200DDDC
:100F40007D1CB81B00F1010A4FF000472078000714
:100F500003D4AA4501DB4FF0FF3A0021B7F1004F5F
:100F60000DF143088DF8431024D002202B23002FCD
:100F700001DA7F422D230A21021EA0F1010000DCCC
:100F80005FB197FBF1FC97FBF1F201FB1C7C17466C
:100F90000CF1300C08F801CDEEE7A8F10100037068
:100FA0002188090501D5452100E06521A0F101084E
:100FB00000F8011C09980FA9A1EB0807FF1D00B15B
:100FC0000120411901EBEA70A1693844081A401E5A
:100FD000A0612078C00602D42046FFF7E0FA099805
:100FE00028B1D4E901219047206A401C2062207872
:100FF000C00622D52046FFF7D2FA1EE0002E04DB01
:10100000B34502DD01A8805D00E03020D4E9012174
:101010009047206A401C2062761CAAF101005FEA1A
:10102000000A0AD100F020FAC0680168405CD4E9E7
:1010300001219047206A401C2062281EA5F101056D
:10104000DCDC07E0D4E9012118F8010B9047206AA5
:10105000401C2062381EA7F10107F3DC2046FFF791
:10106000B4FA032011B041E62DE9F04F04460D46D5
:10107000D21D22F0070089B0D0E9009748463946D2
:101080000BF00AFB0246F80F01D02D2307E0206881
:10109000810701D52B2302E0202101EAC0038DF84E
:1010A00020300BB1012000E00020032A824601D04D
:1010B000072A04DB2946204600F0DAF93FE12078D0
:1010C000800601D40D2500E0E569C7F30A560D2D11
:1010D00049DA00214FEA175B08464FF00000002F65
:1010E00000F4400007DA00EB80004FF4400100EB11
:1010F000D07001EA60008115012901DD4FF0FF3158
:1011000000224FEA850CBCF1180F06D31346ACF150
:1011100018004FF08052C24003E04FF4801323FACE
:101120000CF30CF10C0CBCF1200F04D3ACF1200C2F
:1011300009FA0CF001E007FA0CF000294FF0004822
:1011400001DD18B90FE00ED140450CD319EB0209AF
:101150005F4121B9404502D19F4329EA0209BBEB17
:10116000175F00D0761C2088000502D57B487844A4
:1011700002E07A487844193808AA302302F80A3085
:10118000037C0AF10101002E0AF1020A53546A4657
:1011900002DC4FF0300101E04FF031014FF0010867
:1011A0008DF8001002D0A6F2FF3603E059EA47019D
:1011B00000D06B4E002D02DC2178090704D54FF0DA
:1011C00002082E218DF80110C44600210BE0C7F360
:1011D00003433F01C35C491C6D1E02F8083005291A
:1011E00008F1010801DA002DF1DC00210CE000EB30
:1011F0001973491C1B786D1E082902F808304FEA44
:10120000091908F1010801DA002DF0DC21688B06CC
:1012100002D516E0A8F10108E04505DD02EB080360
:1012200013F8013C302BF5D0B8F1000F09DD02EBCB
:10123000080313F8013C2E2B03D1090701D4A8F1B0
:101240000108002D05DD3E2102F808106D1E08F191
:101250000108407C002E02F8080008F1010804DAB9
:101260002D20764202F8080002E02B2002F8080048
:101270000A214FF47A70864208F101080BDB96FBD5
:10128000F0F3303302F8083096FBF0F308F1010870
:1012900000FB136601E0642E0CDB642096FBF0F388
:1012A000303302F8083096FBF0F308F1010800FB38
:1012B000136601E00A2E06DB96FBF1F0303002F8EF
:1012C000080008F1010896FBF1F001FB10603030D6
:1012D00002F80800A16908F1010808EB050202EB19
:1012E0000A00081AA0612078C00602D42046FFF741
:1012F00056F9216A08AE01EB0A00206204E0D4E945
:10130000012116F8010B9047BAF1010AF7D22078B3
:10131000C00602D52046FFF742F96E4609E016F8EE
:10132000010B3E280FD0D4E901219047206A401CD0
:101330002062B8F10108F2D22046FFF746F909B061
:101340000320BDE8F08F206A2844206203E0D4E93E
:101350000121302090476D1EEBD3F8E746C0000016
:1013600002FCFFFF10B5436913B1AFF3008001E049
:10137000FFF74EF9012010BD127800F124010A7028
:1013800000224A700122EDE711684FF0FF32E9E7D1
:1013900010B5436913B1AFF3008001E0FFF7D2F954
:1013A000012010BD128800F1240182840022C28431
:1013B0000122EDE711684FF0FF32E9E72DE9F04136
:1013C00016460C46054600F047F8036893F80101FD
:1013D000012807D0FF2C12D8185D80B101202C7095
:1013E000BDE8F081D3F807013246214603F2071326
:1013F000C7182846BC46BDE8F041002360474FF0BF
:10140000FF30EDE700487047480300207546FFF7BE
:10141000F9FFAE4605006946534620F007008546B1
:1014200018B020B5FEF788FFBDE820404FF0000659
:101430004FF000074FF000084FF0000BAC46ACE84F
:10144000C009ACE8C009ACE8C009ACE8C00921F0AB
:1014500007018D467047000010B500F005F8001D2B
:1014600010BD00BF79B90000004870476803002034
:101470002DE9F0411F46044603260168072A01F4BE
:10148000006004DB08B116A505E016A503E008B16D
:1014900015A500E015A521F010002060A069C01E70
:1014A000A0610FB1401EA0612046FFF778F84FB150
:1014B000D4E9012138469047206A401C2062C01CB4
:1014C000206206E0206AFAE7D4E9012115F8010B51
:1014D0009047761EF8D22046FFF777F8BDE8F081F6
:1014E0004E414E006E616E00494E4600696E6600C8
:1014F0002DE9F047814616468AB0354878440DC834
:101500008DE80D0032487844801C03AC0DC884E897
:101510000D0041F69B300844372190FBF1F290FB1F
:10152000F1F5A5F1800501FB12041B3C02D56442D4
:10153000012000E00020DFF898A080460027FA4450
:10154000AAF1BE0A0EE0E0070AD03246684607EB71
:10155000470101230AEB81010AF067FF8DE80700CC
:1015600064107F1C002CEED1194F7F44AE3F19E070
:10157000E80715D007EB04100DF1180A90E80E00EB
:101580008AE80E00C068F04201D1981908903246EE
:10159000012306A903A80AF048FF03AB83E807006C
:1015A0006D10641C002DE3D14FF0010332466946F3
:1015B000B8F1000F03A802D00AF022FF01E00AF000
:1015C00034FFC9E90001C9F808200AB0BDE8F08776
:1015D00048BD000010B50446AFF300802046BDE8CA
:1015E0001040FEF794BE000001491820ABBEFEE794
:1015F0002600020070470000FFE7FEE780B541F6D5
:10160000D430C2F2000000F09DFB80BD80B541F6F1
:10161000D430C2F2000000F095FB80BD80B541F6E9
:10162000D430C2F2000000F08DFB80BD80B541F6E1
:10163000D430C2F2000000F085FB80BD80B541F6D9
:10164000FC30C2F2000000F07DFB80BD80B541F6A9
:10165000FC30C2F2000000F075FB80BD80B541F6A1
:10166000FC30C2F2000000F06DFB80BD80B541F699
:10167000FC30C2F2000000F065FB80BD80B541F691
:101680002440C2F2000001F019F980BD82B001903F
:101690000198007810384AF6AB21CAF6AA21A0FBBF
:1016A00001100009009000994DF27820C0F600006A
:1016B000405C0199C8650098042807D3FFE70199A9
:1016C0000868042262F30900886506E00199086849
:1016D00040F2FF3290438865FFE70198806D02B0C9
:1016E0007047000086B0059000208DF81300059823
:1016F000806A03900598806910BBFFE70398029009
:1017000003281BD80299DFE801F0020D02180598A2
:1017100090F82F00C00720B1FFE701208DF81300DB
:10172000FFE70CE00598C06AB0F1C07F04D1FFE785
:1017300001208DF81300FFE701E000E0FFE745E03E
:1017400005988069B0F5005F25D1FFE70398019007
:1017500003281ED80199DFE801F0020602110120DA
:101760008DF8130016E0059890F82F00C00720B1FF
:10177000FFE701208DF81300FFE70BE00598C06A32
:10178000B0F1C07F04D1FFE701208DF81300FFE71F
:1017900000E0FFE719E003980090032804D3FFE777
:1017A0000098032804D00EE001208DF813000BE010
:1017B000059890F82F00C00720B1FFE701208DF8B1
:1017C0001300FFE700E0FFE7FFE7FFE79DF81300E6
:1017D00006B0704784B00390029101920093039881
:1017E0000168086820F4802008600098039909685F
:1017F000486003988068402809D1FFE70198039961
:1018000009688860029803990968C86008E002982E
:10181000039909688860019803990968C860FFE71F
:1018200004B070477047000072B6FFE7FEE70000A3
:1018300088B00690059104920393069890F82000D2
:101840008DF8070006980068806800900598806809
:1018500008B9FFE700E0FFE79DF80700012806D080
:10186000FFE79DF80700022840F08080FFE79DF821
:101870000300400700280CD4FFE79DF80300000791
:10188000002806D4FFE79DF80300C006002864D5B1
:10189000FFE70098C0F301600290029901208840A0
:1018A000039908600598806868B9FFE705980168A2
:1018B000C06840EA415006990968029A01EB02119A
:1018C000C1F880010EE005994A688868C96840EA55
:1018D000C200084306990968029A01EB0211C1F897
:1018E0008001FFE70598006906990968029A01EBF3
:1018F0000211C1F884010598007D01280CD1FFE791
:1019000006980068029900EB0111D1F8840140F4B7
:101910008070C1F88401FFE704984068069909685F
:10192000029A01EB0211C1F88C0104980068069933
:101930000968029A01EB0211C1F888010698006853
:10194000029900EB0111D1F8800140F00100C1F8CB
:10195000800100208DF81F0011E00699486A40F4CC
:101960000010486201208DF81F0008E00699486ABF
:1019700040F48020486201208DF81F00FFE79DF8A9
:101980001F0008B07047000086B0049003910498CF
:1019900090F820008DF803009DF80300012806D080
:1019A000FFE79DF80300022840F0B080FFE746F211
:1019B0000040C4F2000001900199D1F8000240F00B
:1019C0000100C1F800020199D1F8000220F47C5016
:1019D000C1F800020398426A0199D1F8000240EA76
:1019E0000220C1F800020398406900F01F010120A5
:1019F00088400290029A0199D1F81C029043C1F8E4
:101A00001C020398C069F0B9FFE7029A0199D1F866
:101A10000C029043C1F80C02039A9088D168526975
:101A200040EA0140019901EBC201C1F84002039A6A
:101A300010889168526940EA0140019901EBC201A6
:101A4000C1F84402FFE70398C06901281ED1FFE7EF
:101A5000029A0199D1F80C021043C1F80C02039AC2
:101A600090881168526940EA0140019901EBC20176
:101A7000C1F84002039A90899168526940EA014096
:101A8000019901EBC201C1F84402FFE703988069A4
:101A900040B9FFE7029A0199D1F804029043C1F8D6
:101AA000040207E0029A0199D1F804021043C1F838
:101AB0000402FFE70398006940B9FFE7029A019921
:101AC000D1F814029043C1F8140207E0029A019978
:101AD000D1F814021043C1F81402FFE70398006A1A
:101AE000012808D1FFE7029A0199D1F81C0210439E
:101AF000C1F81C02FFE70199D1F8000220F00100B3
:101B0000C1F8000200208DF8170008E00499486A27
:101B100040F48020486201208DF81700FFE79DF80F
:101B2000170006B07047000081B0009001B0704708
:101B300086B00490039102920193049890F82000DB
:101B40008DF803009DF80300012806D0FFE79DF8FB
:101B50000300022840F0E880FFE7039880B9FFE720
:101B600004980068C068800748B9FFE70499486A8C
:101B700040F40010486201208DF81700DDE00FE00E
:101B8000049800680069800748B9FFE70499486A2B
:101B900040F40010486201208DF81700CDE0FFE707
:101BA00004980068039900EB0110D0F8B00100F030
:101BB0000400029988600298806858B9FFE7049889
:101BC0000068039900EB0110D0F8B001400D0299B4
:101BD00008600AE004980068039900EB0110D0F84F
:101BE000B001C00802994860FFE7049800680399B3
:101BF00000EB0110D0F8B00100F002000299C860BB
:101C000004980068039900EB0110D0F8B40100F0CB
:101C10000F00082804D3FFE70299082008610BE0B1
:101C200004980068039900EB0110D0F8B40100F0AB
:101C30000F0002990861FFE704980068039900EB20
:101C40000110D0F8B40180B2000A029988610498AA
:101C50000068039900EB0110D0F8B401000C029960
:101C6000486104980068039900EB0110D0F8B801AE
:101C70000199087004980068039900EB0110D0F8EE
:101C8000B801000A0199487004980068039900EBB4
:101C90000110D0F8B801000C019988700498006810
:101CA000039900EB0110D0F8B801000E0199C8703B
:101CB00004980068039900EB0110D0F8BC01019969
:101CC000087104980068039900EB0110D0F8BC017A
:101CD000000A0199487104980068039900EB01100B
:101CE000D0F8BC01000C0199887104980068039930
:101CF00000EB0110D0F8BC01000E0199C8710398E7
:101D000038B9FFE704980168C86840F02000C8604F
:101D100006E004980168086940F020000861FFE7C8
:101D200000208DF8170008E00499486A40F48020EC
:101D3000486201208DF81700FFE79DF8170006B0F4
:101D40007047000080B58AB009900020089009987B
:101D500000684069079009980068406806900998F3
:101D600000688068059009980068C0680490099828
:101D700000680069039009980068806902909DF8E6
:101D80001C00C007002800F09480FFE79DF81400B5
:101D9000C00758B3FFE709980168012088609DF8E3
:101DA00014008007002804D5FFE7099800F07CFCA8
:101DB0001BE09DF814004007002805D5FFE70898B0
:101DC00040F4006008900FE09DF814000007002820
:101DD00005D5FFE7089840F48050089003E0099883
:101DE00000F05EFCFFE7FFE7FFE7FFE79DF8150067
:101DF000C00760B3FFE7099801684FF480708860FE
:101E00009DF815008007002804D5FFE7099800F029
:101E100053FC1BE09DF815004007002805D5FFE79F
:101E2000089840F4005008900FE09DF81500000756
:101E3000002805D5FFE7089840F48040089003E0AB
:101E4000099800F035FCFFE7FFE7FFE7FFE79DF8A3
:101E50001600C00760B3FFE7099801684FF48030AF
:101E600088609DF816008007002804D5FFE70998D0
:101E700000F02AFC1BE09DF816004007002805D55D
:101E8000FFE7089840F4004008900FE09DF8160026
:101E90000007002805D5FFE7089840F48030089037
:101EA00003E0099800F00CFCFFE7FFE7FFE7FFE71E
:101EB000FFE79DF81C000007002810D5FFE79DF8FC
:101EC0001000C006002809D5FFE7089840F400700C
:101ED0000890099801681020C860FFE7FFE79DF8A7
:101EE0001C00400700280FD5FFE79DF810000007F1
:101EF000002808D5FFE7099801680820C8600998FC
:101F000000F004FBFFE7FFE79DF81C0080070028B6
:101F10000BD5FFE709980068C068800720B1FFE78C
:101F2000099800F0F7FAFFE7FFE79DF81C0040066C
:101F3000002810D5FFE79DF80C00C006002809D541
:101F4000FFE7089840F48060089009980168102025
:101F50000861FFE7FFE79DF81C00800600280FD509
:101F6000FFE79DF80C000007002808D5FFE7099857
:101F7000016808200861099800F008FBFFE7FFE707
:101F80009DF81C00C00600280BD5FFE709980068E3
:101F90000069800720B1FFE7099800F0FBFAFFE72E
:101FA000FFE79DF81E00800700280FD5FFE79DF88A
:101FB0001800C006002808D5FFE70998016810201E
:101FC0004860099800F022FBFFE7FFE79DF81E003C
:101FD000C00778B1FFE79DF818000007002808D572
:101FE000FFE70998016808204860099800F070FB35
:101FF000FFE7FFE79DF81D000006002840F18D80F7
:10200000FFE79DF818004007002840F18180FFE7B6
:102010009DF81D00C00750B1FFE79DF80800C007FC
:1020200028B1FFE7089840F001000890FFE79DF80D
:102030001D00800700280BD5FFE79DF808008007EA
:10204000002805D5FFE7089840F002000890FFE758
:102050009DF81D00400700280BD5FFE79DF80800FC
:102060004007002805D5FFE7089840F004000890D5
:10207000FFE79DF81D000007002848D5FFE79DF801
:10208000080010F0700F42D0FFE7029800F07000D7
:1020900001460191102814D0FFE70198202815D09F
:1020A000FFE70198302816D0FFE70198402817D0A5
:1020B000FFE70198502818D0FFE70198602819D051
:1020C0001DE0089840F00800089019E0089840F0DA
:1020D0001000089014E0089840F0200008900FE0ED
:1020E000089840F0400008900AE0089840F080000E
:1020F000089005E0089840F48070089000E0FFE741
:1021000009980168886920F070008861FFE7FFE79F
:102110000998016804204860FFE7089848B1FFE784
:10212000089A0999486A104348620998FFF7FCFC2D
:10213000FFE70AB080BD000080B584B0029002982D
:1021400020B9FFE701208DF80F00E0E0029890F839
:10215000200020B9FFE7029800F0DEF8FFE70298C0
:102160000168086840F00100086001F0C9F90190B9
:10217000FFE7029800684068C007A8B9FFE701F0D0
:10218000BFF90199401A0B280DD3FFE70299486A5D
:1021900040F4003048620299052081F820000120B7
:1021A0008DF80F00B3E0E4E702980168086820F0BA
:1021B0000200086001F0A4F90190FFE702980068AE
:1021C00040688007002815D5FFE701F099F90199CB
:1021D000401A0B280DD3FFE70299486A40F40030FB
:1021E00048620299052081F8200001208DF80F0037
:1021F0008DE0E3E70298007E012807D1FFE702980F
:102200000168086840F08000086006E002980168F4
:10221000086820F080000860FFE70298407E0128EF
:1022200007D1FFE702980168086840F040000860A5
:1022300006E002980168086820F040000860FFE7A7
:102240000298807E012807D1FFE70298016808689C
:1022500040F02000086006E002980168086820F05D
:1022600020000860FFE70298C07E012807D1FFE741
:1022700002980168086820F01000086006E00298E3
:102280000168086840F010000860FFE70298007FCE
:10229000012807D1FFE702980168086840F00800AC
:1022A000086006E002980168086820F008000860ED
:1022B000FFE70298407F012807D1FFE702980168F5
:1022C000086840F00400086006E0029801680868A9
:1022D00020F004000860FFE7029B19685A689868BC
:1022E000D3F80CC040EA0C00D3F810C040EA0C0050
:1022F0005B691843013A1043C861029900204862A3
:10230000029A012182F820108DF80F00FFE79DF856
:102310000F0004B080BD000080B596B0159000207D
:10232000149013901290119010901598006846F236
:102330000041C4F20001884264D1FFE740F26840E6
:10234000C2F200000168013101600068012812D169
:10235000FFE7FFE700200F9043F64000C4F20200C1
:10236000016841F000710160006800F000700F909A
:102370000F98FFE7FFE7FFE700200E9043F63000DD
:10238000C4F20200016841F008010160006800F039
:1023900008000E900E98FFE7032010900221119183
:1023A00000210991129113900920149040F60040E9
:1023B000C4F2020010A900F07BFE099A13200690D7
:1023C000114601F051F9069801F044F9099A1420D8
:1023D0000790114601F048F9079801F03BF9099A76
:1023E00015200890114601F03FF9089801F032F9E4
:1023F000099A16200A90114601F036F90A9801F060
:1024000029F980E01598006846F60001C4F2000141
:10241000884277D1FFE7FFE700200D9043F64000A8
:10242000C4F20200016841F080610160006800F0C0
:1024300080600D900D98FFE740F26840C2F2000006
:102440000168013101600068012812D1FFE7FFE750
:1024500000200C9043F64000C4F20200016841F0F5
:1024600000710160006800F000700C900C98FFE7AC
:10247000FFE7FFE700200B9043F63000C4F20200B4
:10248000016841F002010160006800F002000B9059
:102490000B98FFE74FF4405010900220119000205D
:1024A00004901290032013900920149040F20040F1
:1024B000C4F2020010A900F0FBFD049A3F20019035
:1024C000114601F0D1F8019801F0C4F8049A4020B7
:1024D0000290114601F0C8F8029801F0BBF8049A86
:1024E00041200390114601F0BFF8039801F0B2F8C3
:1024F000049A42200590114601F0B6F8059801F0C3
:10250000A9F8FFE7FFE716B080BD000081B000909A
:1025100001B0704780B586B005900598006846F216
:102520000041C4F20001884212D1FFE7059840F251
:10253000C031C2F2000103910A1D049201F120038F
:102540000021FFF7F5FA03990498896A88471BE090
:102550000598006846F60001C4F20001884212D1D5
:10256000FFE7059840F20441C2F2000101910A1D03
:10257000029201F120030021FFF7DAFA0199029893
:10258000896A8847FFE7FFE706B080BD81B0009009
:1025900001B0704780B586B005900598006846F296
:1025A0000041C4F20001884212D1FFE7059840F2D1
:1025B000C031C2F2000103910A1D049201F120030F
:1025C0000121FFF7B5FA03990498896A88471BE04F
:1025D0000598006846F60001C4F20001884212D155
:1025E000FFE7059840F20441C2F2000101910A1D83
:1025F000029201F120030121FFF79AFA0199029852
:10260000896A8847FFE7FFE706B080BD81B0009088
:1026100001B0704780B584B00290029890F8200015
:1026200001282FD1FFE70299022081F820000298AB
:102630000168086820F00100086000F061FF019067
:10264000FFE7029800684068C007A8B1FFE700F004
:1026500057FF0199401A0B280DD3FFE70299486AEA
:1026600040F4003048620299052081F820000120E2
:102670008DF80F000FE0E4E70299002048628DF822
:102680000F0008E00299486A40F4002048620120E7
:102690008DF80F00FFE79DF80F0004B080BD00002B
:1026A00081B0009001B0704781B0009001B07047D8
:1026B00081B0009001B0704781B0009001B07047C8
:1026C00081B0009001B0704781B0009001B07047B8
:1026D00081B0009001B0704780B584B0029002983C
:1026E000806D019000F00CFF0090029890F835008A
:1026F00002280DD0FFE7029980204865FFE7029984
:10270000002081F83400FFE701208DF80F0055E02C
:1027100002980168086820F01600086002980168B5
:10272000486920F0800048610298006C20B9FFE7FA
:102730000298806C38B1FFE702980168086820F0C1
:1027400008000860FFE702980168086820F00100AF
:102750000860FFE7029800680068C007C8B1FFE79B
:1027600000F0CEFE0099401A062811D3FFE7029927
:10277000202048650299032081F83500FFE702997F
:10278000002081F83400FFE703208DF80F0015E0EA
:10279000E0E70298C16D3F20884001998860029966
:1027A000012081F83500FFE70299002081F834000C
:1027B000FFE7FFE700208DF80F00FFE79DF80F000F
:1027C00004B080BD82B00090009890F835000228D7
:1027D00007D0FFE700998020486501208DF80700A9
:1027E0000EE00099052081F835000098016808681E
:1027F00020F001000860FFE700208DF80700FFE7E8
:102800009DF8070002B0704780B584B0029002982E
:1028100020B9FFE701208DF80F004BE0029890F8F7
:102820003500022804D1FFE702208DF80F0041E0B7
:1028300002980168086820F00100086002980168A9
:1028400000200090086002990968486002990968B0
:10285000886002990968C86002990968086102984D
:102860000168212048610298FEF710FF0146009898
:1028700001910299C8630299086402994864029917
:1028800088640299C864029908650299CA6D3F215B
:102890009140019A916002994865029981F835004A
:1028A000FFE70299002081F83400FFE700208DF84F
:1028B0000F00FFE79DF80F0004B080BD80B586B023
:1028C00005900020039040F21000C2F20000006862
:1028D00048F2B511C1F64E31A0FB0110800A0290FA
:1028E0000598806D019001980068049004980599FE
:1028F000C96DC840000700281AD5FFE70598006891
:1029000000684007002812D5FFE7059801680868AD
:1029100020F0040008600598C16D082088400199E6
:1029200088600599486D40F001004865FFE7FFE7C2
:1029300004980599C96DC840C007A0B1FFE7059884
:1029400000684069000600280CD5FFE70598C16DB6
:1029500001208840019988600599486D40F0020087
:102960004865FFE7FFE704980599C96DC84040072F
:10297000002814D5FFE70598006800688007002844
:102980000CD5FFE70598C16D042088400199886047
:102990000599486D40F004004865FFE7FFE704989B
:1029A0000599C96DC840C006002847D5FFE70598BE
:1029B00000680068000700283FD5FFE70598C16D53
:1029C00010208840019988600598006800684003DD
:1029D00000281AD5FFE70598006800680003002862
:1029E00009D4FFE70598006C20B1FFE70598016C5A
:1029F0008847FFE708E00598806C20B1FFE705985D
:102A0000816C8847FFE7FFE716E0059800680068DB
:102A1000C005002807D4FFE705980168086820F082
:102A200008000860FFE70598006C20B1FFE70598F3
:102A3000016C8847FFE7FFE7FFE7FFE70498059988
:102A4000C96DC8408006002840F18D80FFE70598D9
:102A500000680068C006002840F18480FFE7059800
:102A6000C16D2020884001998860059890F8350054
:102A7000052834D1FFE705980168086820F01600A2
:102A8000086005980168486920F080004861059851
:102A9000006C20B9FFE70598806C38B1FFE7059816
:102AA0000168086820F008000860FFE70598C16D1C
:102AB0003F208840019988600599012081F8350000
:102AC000FFE70599002081F83400FFE70598006DC5
:102AD00020B1FFE70598016D8847FFE77BE0059887
:102AE00000680068400300281AD5FFE705980068D1
:102AF00000680003002809D4FFE70598406C20B166
:102B0000FFE70598416C8847FFE708E00598C06B30
:102B100020B1FFE70598C16B8847FFE7FFE720E09A
:102B2000059800680068C005002811D4FFE70598E3
:102B30000168086820F0100008600599012081F8FC
:102B40003500FFE70599002081F83400FFE7FFE733
:102B50000598C06B20B1FFE70598C16B8847FFE778
:102B6000FFE7FFE7FFE70598406DA0B3FFE7059893
:102B7000406DC00730B3FFE70599052081F83500A7
:102B800005980168086820F001000860FFE70398D5
:102B9000013003900299884201D9FFE707E0FFE77F
:102BA000059800680068C0070028F0D1FFE7059984
:102BB000012081F83500FFE70599002081F83400F5
:102BC000FFE7FFE70598C06C20B1FFE70598C16CEF
:102BD0008847FFE7FFE706B080BD000080B586B0FC
:102BE00004900020039000F08BFC0290049820B920
:102BF000FFE701208DF81700A3E00498406A08B1B0
:102C0000FFE7FFE70499022081F83500FFE7049908
:102C1000002081F83400FFE704980168086820F07C
:102C200001000860FFE7049800680068C00790B1E1
:102C3000FFE700F065FC0299401A06280AD3FFE777
:102C40000499202048650499032081F835008DF807
:102C5000170076E0E7E7049800680068039003989F
:102C600048F23F01CFF2100108400390049900910F
:102C70004868D1F808C0CB680A6940EA0C001843DC
:102C800010434A6910438A691043CA691043096AAC
:102C900001430398084303900498406A042808D12C
:102CA000FFE70499C86A096B01430398084303903E
:102CB000FFE7039804990968086004980068406970
:102CC0000390039820F0070003900498416A03984A
:102CD000084303900498406A04281AD1FFE7049837
:102CE000816A0398084303900498C06A80B1FFE7A3
:102CF0000498FEF7F7FC50B1FFE7049940204865BF
:102D00000499012081F835008DF8170019E0FFE7DC
:102D1000FFE703980499096848610498FEF7B6FC38
:102D200001900498C16D3F20884001998860049902
:102D300000204865049A012182F835108DF81700AB
:102D4000FFE79DF8170006B080BD000080B588B091
:102D5000069005910492039300208DF80B000698CD
:102D6000806D0190FFE7069890F83400012804D1A7
:102D7000FFE702208DF81F0045E00699012081F849
:102D80003400FFE7FFE7069890F8350001282BD1C3
:102D9000FFE70699022081F8350006990020486572
:102DA00006980599049A039BFEF714FD0698C16DD9
:102DB0003F2088400199886006980168086840F0C3
:102DC000160008600698006C38B1FFE706980168A5
:102DD000086840F008000860FFE706980168086886
:102DE00040F00100086009E0FFE70699002081F843
:102DF0003400FFE702208DF80B00FFE79DF80B0081
:102E00008DF81F00FFE79DF81F0008B080BD00008F
:102E100080B584B0039000F073FB0290039801909A
:102E20000198013048B1FFE740F23C30C2F20000A7
:102E30000178019808440190FFE7FFE700F060FB8C
:102E40000299401A0199884201D2FFE7F6E704B0DF
:102E500080BD000090B00F900E9100200C900B9060
:102E60000A900D90FFE70D980F2800F21F81FFE7F1
:102E70000D99012088400C900E980C9908400B90F9
:102E80000B980C99884240F00C81FFE70D9820F0D8
:102E9000030043F60801C4F2010140580A900D985E
:102EA00000F0030081000F2000FA01F10A980840A9
:102EB0000A900A9809900F980021C4F202018842F2
:102EC00003D1FFE7002008907AE00F9840F200411C
:102ED000C4F20201884203D1FFE7012007906CE0B1
:102EE0000F9840F60001C4F20201884203D1FFE7C7
:102EF000022006905EE00F9840F60041C4F2020105
:102F0000884203D1FFE70320059050E00F9841F27B
:102F10000001C4F20201884203D1FFE704200490BB
:102F200042E00F9841F20041C4F20201884203D10D
:102F3000FFE70520039034E00F9841F60001C4F24A
:102F40000201884203D1FFE70620029026E00F9895
:102F500041F60041C4F20201884203D1FFE7072095
:102F6000019018E00F9842F20001C4F20201884279
:102F700003D1FFE7082000900AE00F9942F20042D7
:102F8000C4F202020A20914208BF09200090FFE724
:102F900000980190FFE701980290FFE702980390E4
:102FA000FFE703980490FFE704980590FFE7059872
:102FB0000690FFE706980790FFE707980890FFE75D
:102FC00009980899C9B20D9A02F003029200914043
:102FD000884233D1FFE70B9A43F60041C4F2010166
:102FE0000868904308600B9A43F60441C4F201015B
:102FF0000868904308600B9A43F60C41C4F2010143
:103000000868904308600B9A43F60841C4F2010136
:103010000868904308600D9800F0030081000F20BD
:1030200088400A900A9B0D9820F0030143F608029D
:10303000C4F20102885898438850FFE70D98410078
:10304000032000FA01F30F9A116899431160DDF82B
:1030500034C00CF007018A000F2101FA02F30F9926
:103060006FF0030202EA5C020A44116A994311629A
:103070000D99490000FA01F30F9AD1689943D16084
:103080000D9A012101FA02F30F9A51689943516098
:103090000D99490000FA01F20F9988689043886001
:1030A000FFE7FFE70D9801300D90DCE610B07047A8
:1030B00090B00F900E9100200C900B900A900D9004
:1030C000FFE70D980F2800F2E881FFE70D99012036
:1030D00088400C900E9800680C9908400B900B9853
:1030E0000C99884240F0D481FFE70E98406800F0C8
:1030F0000300012807D0FFE70E98406800F00300A6
:1031000002282FD1FFE70F9880680A900D984100A0
:10311000032000FA01F10A9888430A900E98C068CB
:103120000D99490000FA01F10A9808430A900A989B
:103130000F9988600F9840680A900D99012000FA55
:1031400001F10A9888430A900E984068C0F3001075
:103150000D9900FA01F10A9808430A900A980F990C
:103160004860FFE70E98406800F00300032818D07D
:10317000FFE70F98C0680A900D984100032000FAFD
:1031800001F10A9888430A900E9880680D994900C9
:1031900000FA01F10A9808430A900A980F99C8604A
:1031A000FFE70E98406800F00300022826D1FFE7F1
:1031B0000F980D996FF0030202EA51010844006A6A
:1031C0000A900D9800F0070081000F2000FA01F12D
:1031D0000A9888430A900E9800690D9901F007013A
:1031E000890000FA01F10A9808430A900A980F9999
:1031F0000D9B02EA530211440862FFE70F98006832
:103200000A900D984100032000FA01F10A988843C2
:103210000A900E98406800F003000D99490000FAEA
:1032200001F10A9808430A900A980F9908600E98CD
:1032300080798007002800F02A81FFE7FFE700205F
:10324000099043F64400C4F20200016841F4804151
:103250000160006800F4804009900998FFE70D982C
:1032600020F0030043F60801C4F2010140580A901F
:103270000D9800F0030081000F2000FA01F10A9878
:1032800088430A900F980021C4F20201884203D1BA
:10329000FFE7002008907AE00F9840F20041C4F266
:1032A0000201884203D1FFE7012007906CE00F98EC
:1032B00040F60001C4F20201884203D1FFE7022078
:1032C00006905EE00F9840F60041C4F20201884289
:1032D00003D1FFE70320059050E00F9841F2000171
:1032E000C4F20201884203D1FFE70420049042E0C7
:1032F0000F9841F20041C4F20201884203D1FFE776
:103300000520039034E00F9841F60001C4F2020159
:10331000884203D1FFE70620029026E00F9841F68D
:103320000041C4F20201884203D1FFE70720019067
:1033300018E00F9842F20001C4F20201884203D162
:10334000FFE7082000900AE00F9942F20042C4F221
:1033500002020A20914208BF09200090FFE700986E
:103360000190FFE701980290FFE702980390FFE7C2
:1033700003980490FFE704980590FFE705980690EE
:10338000FFE706980790FFE707980890FFE708987F
:10339000C0B20D9901F00301890000FA01F10A9809
:1033A00008430A900A980D9921F0030143F6080298
:1033B000C4F20102885043F60840C4F201000068DC
:1033C0000A900B990A9888430A900E988079C00653
:1033D000002805D5FFE70B990A9808430A90FFE7F4
:1033E0000A9843F60841C4F20101086043F60C4014
:1033F000C4F2010000680A900B990A9888430A9069
:103400000E9880798006002805D5FFE70B990A9869
:1034100008430A90FFE70A9843F60C41C4F2010101
:10342000086043F60440C4F2010000680A900B995A
:103430000A9888430A900E9880798007002805D55D
:10344000FFE70B990A9808430A90FFE70A9843F6AA
:103450000441C4F20101086043F60040C4F20100D7
:1034600000680A900B990A9888430A900E98807910
:10347000C00728B1FFE70B990A9808430A90FFE7B5
:103480000A9843F60041C4F201010860FFE7FFE734
:10349000FFE70D9801300D9013E610B07047000063
:1034A00082B00190ADF8021001980069BDF80210D9
:1034B000084204D0FFE701208DF8010003E000205E
:1034C0008DF80100FFE79DF8010002B07047000091
:1034D00082B00190ADF802108DF801209DF8010036
:1034E00028B1FFE7BDF802000199886105E0BDF849
:1034F0000200000401998861FFE702B070470000F4
:1035000042F22470C2F200000068704747F61020B3
:10351000C1F6FF700068704747F61420C1F6FF70CF
:103520000068704747F61820C1F6FF7000687047C2
:1035300040F23C30C2F20000027842F22471C2F242
:1035400000010868104408607047000080B543F629
:103550000041C4F20201086840F400700860086885
:1035600040F480600860086840F4807008600320C0
:1035700000F094F80F2000F005F800F03BF8002070
:1035800080BD000080B582B0009040F21000C2F211
:103590000000006840F23C31C2F200010A784FF4AA
:1035A0007A71B1FBF2F1B0FBF1F000F00FFE20B147
:1035B000FFE701208DF8070018E000980F280DD8CC
:1035C000FFE700994FF0FF30002200F04DF800981F
:1035D00040F24031C2F20001086003E001208DF8A2
:1035E000070003E000208DF80700FFE79DF80700C3
:1035F00002B080BD82B0FFE70020019043F6440096
:10360000C4F20200016841F480410160006800F4E6
:10361000804001900198FFE7FFE70020009043F60B
:103620004000C4F20200016841F08051016000686E
:1036300000F0805000900098FFE702B07047000053
:1036400080B582B08DF807009DF9070007F038FCBF
:1036500002B080BD80B582B08DF807009DF90700EB
:1036600007F04AFC02B080BD80B586B08DF8170027
:10367000049103920020029007F056FC02909DF9FD
:103680001700019002980499039A02F003F9014689
:10369000019807F051FC06B080BD000080B582B0F3
:1036A0000190019807F06AFC02B080BD80B584B03B
:1036B00000200290FFE70020019043F64000C4F292
:1036C0000200016841F080510160006800F0805004
:1036D00001900198FFE74021C4F20E21012008600B
:1036E000FFF70EFF0290FFE747F20400C4F200006C
:1036F000006800F48030B0F5803F0DD0FFE7FFF7A1
:10370000FFFE0299401AB0F57A7F04D9FFE7032043
:103710008DF80F0025E0E7E74421C4F20E210120D7
:103720000860FFF7EDFE0290FFE747F20400C4F2E5
:103730000000006800F40030B0F5003F0DD0FFE756
:10374000FFF7DEFE0299401AB0F57A7F04D9FFE751
:1037500003208DF80F0004E0E7E700208DF80F004C
:10376000FFE79DF80F0004B080BD000080B584B075
:1037700002900191029820B9FFE701208DF80F0017
:1037800021E1019843F60041C4F20201096801F009
:103790000F01884212D9FFE7019943F60040C4F2B5
:1037A00002000170006800F00F000199884204D007
:1037B000FFE701208DF80F0005E1FFE70298007890
:1037C000800700282AD5FFE70298007840070028E4
:1037D00009D5FFE743F60801C4F20201086840F486
:1037E000E0500860FFE7029800780007002809D53C
:1037F000FFE743F60801C4F20201086840F46040A4
:103800000860FFE743F60801C4F20201086820F0EF
:10381000F000029A926810430860FFE7029800786F
:10382000C00700286ED0FFE702984068012811D138
:10383000FFE743F60000C4F20200006800F4003124
:103840000020B0EB514F04D1FFE701208DF80F00AD
:10385000B9E02CE002984068022805D0FFE7029802
:103860004068032811D1FFE743F60000C4F20200CC
:10387000006800F000710020B0EB516F04D1FFE749
:1038800001208DF80F009EE010E043F60000C4F226
:103890000200006800F002010020B0EB510F04D1DB
:1038A000FFE701208DF80F008DE0FFE7FFE743F60B
:1038B0000801C4F20201086820F00300029A52686D
:1038C00010430860FFF71CFE0090FFE743F6080076
:1038D000C4F20200006800F00C0002994968B0EBE5
:1038E000810F0ED0FFE7FFF70BFE0099401A41F25F
:1038F0008931884204D3FFE703208DF80F0062E08E
:10390000E4E7FFE7019843F60041C4F202010968C9
:1039100001F00F01884212D2FFE7019943F60040FF
:10392000C4F202000170006800F00F0001998842A3
:1039300004D0FFE701208DF80F0044E0FFE7029874
:103940000078400700280CD5FFE743F60801C4F2D1
:103950000201086820F4E050029AD268104308601F
:10396000FFE702980078000700280DD5FFE743F62F
:103970000801C4F20201086820F46040029A12694A
:1039800040EAC2000860FFE700F04CF843F6080187
:10399000C4F202010968C9B20A094DF26021C0F6F9
:1039A0000001895CC84040F21001C2F200010860C9
:1039B00040F24030C2F200000068FFF7E3FD002053
:1039C0008DF80F00FFE79DF80F0004B080BD0000E8
:1039D00040F21000C2F200000068704780B5FFF7A7
:1039E000F7FF43F60801C4F202010968C1F382221D
:1039F0004DF27021C0F60001895CC84080BD000016
:103A000080B5FFF7E5FF43F60801C4F2020109683B
:103A100089B24A0B4DF27021C0F60001895CC840A2
:103A200080BD000080B586B0002005900490039012
:103A3000029043F60800C4F20200006800F00C0097
:103A40000146019140B1FFE7019804280AD0FFE741
:103A5000019808280CD04FE042F20040C0F2F40078
:103A600002904FE041F60030C0F2B700029049E00A
:103A700043F60400C4F20200016801F03F01059121
:103A800000684002002813D5FFE743F60400C4F2A3
:103A900002000068C0F3881041F60031C0F2B7019F
:103AA000A0FB0101059A0023FCF758FC049012E0EA
:103AB00043F60400C4F202000068C0F3881042F22A
:103AC0000041C0F2F401A0FB0101059A0023FCF7BC
:103AD00045FC0490FFE743F60400C4F202000068CE
:103AE00000F44031022000EBD13003900498039998
:103AF000B0FBF1F0029005E042F20040C0F2F400A9
:103B00000290FFE7029806B080BD000080B586B045
:103B10000490049820B9FFE701208DF8170050E3C6
:103B200004980078C007002800F0A580FFE743F65E
:103B30000800C4F20200006800F00C00042813D052
:103B4000FFE743F60800C4F20200006800F00C0032
:103B500008281ED1FFE743F60400C4F20200006803
:103B60004002002815D5FFE743F60000C4F202002A
:103B7000006800F400310020B0EB514F08D0FFE79F
:103B80000498406820B9FFE701208DF8170018E37A
:103B900070E0FFE704984068B0F5803F09D1FFE787
:103BA00043F60001C4F20201086840F48030086066
:103BB00020E004984068B0F5A02F0DD1FFE743F650
:103BC0000001C4F20201086840F48020086008681F
:103BD00040F4803008600CE043F60001C4F20201BA
:103BE000086820F480300860086820F480200860AD
:103BF000FFE7FFE7FFE704984068E8B1FFE7FFF75A
:103C00007FFC0390FFE743F60000C4F20200006867
:103C100000F400310020B0EB514F0CD1FFE7FFF76B
:103C20006FFC0399401A652804D3FFE703208DF841
:103C30001700C6E2E7E71CE0FFF762FC0390FFE72E
:103C400043F60000C4F20200006800F400310020D6
:103C5000B0EB514F0CD0FFE7FFF752FC0399401A2D
:103C6000652804D3FFE703208DF81700A9E2E7E7F2
:103C7000FFE7FFE7FFE7049800788007002840F19E
:103C80009680FFE743F60800C4F20200006810F0D7
:103C90000C0F13D0FFE743F60800C4F202000068DF
:103CA00000F00C0008282CD1FFE743F60400C4F212
:103CB000020000684002002823D4FFE743F600001A
:103CC000C4F20200006800F002010020B0EB510FC6
:103CD00009D0FFE70498C068012804D0FFE701205D
:103CE0008DF817006DE243F60001C4F20201086886
:103CF00020F0F800049A126940EAC2000860FFE769
:103D000054E00498C06870B3FFE70021C4F2472173
:103D100001200860FFF7F4FB0390FFE743F6000083
:103D2000C4F20200006800F002010020B0EB510F65
:103D30000CD1FFE7FFF7E4FB0399401A032804D3F3
:103D4000FFE703208DF817003BE2E7E743F60001A9
:103D5000C4F20201086820F0F800049A126940EAEF
:103D6000C200086021E00021C4F247210020086061
:103D7000FFF7C6FB0390FFE743F60000C4F2020022
:103D8000006800F002010020B0EB510F0CD0FFE7FB
:103D9000FFF7B6FB0399401A032804D3FFE703207B
:103DA0008DF817000DE2E7E7FFE7FFE7FFE704986C
:103DB0000078000700284BD5FFE70498406918B346
:103DC000FFE740F68061C4F2472101200860FFF759
:103DD00097FB0390FFE743F67400C4F2020000680B
:103DE00000F002010020B0EB510F0CD1FFE7FFF70C
:103DF00087FB0399401A032804D3FFE703208DF8BB
:103E00001700DEE1E7E722E040F68061C4F24721D7
:103E100000200860FFF774FB0390FFE743F674008F
:103E2000C4F20200006800F002010020B0EB510F64
:103E30000CD0FFE7FFF764FB0399401A032804D373
:103E4000FFE703208DF81700BBE1E7E7FFE7FFE797
:103E5000049800784007002840F1CE80FFE700205A
:103E60008DF8070043F64000C4F202000068C0006D
:103E7000002815D4FFE7FFE70020009043F640003C
:103E8000C4F20200016841F080510160006800F056
:103E9000805000900098FFE701208DF80700FFE7B1
:103EA00047F20000C4F200000068C005002822D4D8
:103EB000FFE747F20001C4F20001086840F4807097
:103EC0000860FFF71DFB0390FFE747F20000C4F214
:103ED00000000068C00500280CD4FFE7FFF710FBC6
:103EE0000399401A032804D3FFE703208DF8170035
:103EF00067E1EAE7FFE7FFE704988068012809D156
:103F0000FFE743F67001C4F20201086840F00100C7
:103F100008601FE00498806805280DD1FFE743F68C
:103F20007001C4F20201086840F0040008600868EB
:103F300040F0010008600CE043F67001C4F2020199
:103F4000086820F001000860086820F0040008609C
:103F5000FFE7FFE7FFE704988068F8B1FFE7FFF7A6
:103F6000CFFA0390FFE743F67000C4F20200006846
:103F700000F002010020B0EB510F0ED1FFE7FFF778
:103F8000BFFA0399401A41F28931884204D3FFE70E
:103F900003208DF8170014E1E5E71EE0FFF7B0FA03
:103FA0000390FFE743F67000C4F20200006800F0DF
:103FB00002010020B0EB510F0ED0FFE7FFF7A0FA8F
:103FC0000399401A41F28931884204D3FFE7032064
:103FD0008DF81700F5E0E5E7FFE79DF807000128F9
:103FE00009D1FFE743F64001C4F20201086820F05E
:103FF00080500860FFE7FFE704988069002800F020
:10400000DC80FFE743F60800C4F20200006800F01D
:104010000C00082800F08580FFE7049880690228DA
:104020005CD1FFE76021C4F2472100200860FFF760
:1040300067FA0390FFE743F60000C4F2020000684D
:1040400000F000710020B0EB516F0CD0FFE7FFF7DC
:1040500057FA0399401A032804D3FFE703208DF889
:104060001700AEE0E7E70499C869D1F820C04B6AB1
:104070008A6A40EA0C0040EA8310D2034FF6FF73CD
:104080009A43A2F580321043C96A40EA016043F6C0
:104090000401C4F2020108606021C4F2472101203A
:1040A0000860FFF72DFA0390FFE743F60000C4F223
:1040B0000200006800F000710020B0EB516F0CD1DD
:1040C000FFE7FFF71DFA0399401A032804D3FFE71F
:1040D00003208DF8170074E0E7E721E06021C4F2C7
:1040E000472100200860FFF70BFA0390FFE743F633
:1040F0000000C4F20200006800F000710020B0EB84
:10410000516F0CD0FFE7FFF7FBF90399401A032822
:1041100004D3FFE703208DF8170052E0E7E7FFE73D
:104120004AE004988069012804D1FFE701208DF856
:10413000170046E043F60400C4F202000068029053
:1041400004988069012831D0FFE7029800F48000CC
:104150000499C969884229D1FFE7029800F03F001D
:104160000499096A884221D1FFE7029847F6C07195
:1041700008400499496AB0EB811F17D1FFE7029804
:1041800000F440300499896AC9034FF6FF729143E5
:10419000A1F58031884209D1FFE7029800F07060F4
:1041A0000499C96AB0EB016F04D0FFE701208DF8D4
:1041B000170006E0FFE7FFE7FFE700208DF8170094
:1041C000FFE79DF8170006B080BD000080B582B003
:1041D0000190019801F098FB02B080BD80B586B0D7
:1041E00004900391ADF80A20049890F8420020282A
:1041F00048D1FFE7039820B1FFE7BDF80A0020B9D6
:10420000FFE701208DF8170040E0049901200863C2
:1042100004990020486304980399BDF80A2001F02E
:1042200067FE8DF809000498006B012821D1FFE793
:10423000FFE700200190049800680068019004984E
:104240000068406801900198FFE7FFE7FFE70498E6
:10425000006850E8030F40F010000090FFE700995D
:104260000498026842E803100028F0D1FFE7FFE756
:1042700003E001208DF80900FFE79DF809008DF8A3
:10428000170003E002208DF81700FFE79DF81700E4
:1042900006B080BD80B592B01190ADF84210119873
:1042A000006841F20001C4F20101884215D1FFE724
:1042B00040F2C040C2F200000E90D0F80822BDF8D3
:1042C000421000F582700F9090470E9A0F99119846
:1042D000B2F80422FFF782FFD8E01198006844F298
:1042E0000041C4F20001884215D1FFE740F2CC60E2
:1042F000C2F200000C90D0F80822BDF8421000F580
:1043000082700D9090470C9A0D991198B2F8042282
:10431000FFF764FFB9E01198006844F60001C4F2A9
:104320000001884215D1FFE740F6D800C2F2000034
:104330000A90D0F80822BDF8421000F582700B9068
:1043400090470A9A0B991198B2F80422FFF746FF9A
:104350009AE01198006844F60041C4F200018842D6
:1043600015D1FFE740F6E420C2F200000890D0F833
:104370000822BDF8421000F5827009909047089A13
:1043800009991198B2F80422FFF728FF7BE01198F1
:10439000006845F20001C4F20001884215D1FFE730
:1043A00040F6F040C2F200000690D0F80822BDF8B6
:1043B000421000F5827007909047069A079911986D
:1043C000B2F80422FFF70AFF5CE01198006841F29E
:1043D0000041C4F20101884215D1FFE740F6FC60BC
:1043E000C2F200000490D0F80822BDF8421000F597
:1043F000827005909047049A05991198B2F80422AA
:10440000FFF7ECFE3DE01198006847F60001C4F2AA
:104410000001884215D1FFE741F20810C2F2000006
:104420000290D0F80822BDF8421000F58270039087
:104430009047029A03991198B2F80422FFF7CEFE32
:104440001EE01198006847F60041C4F2000188425E
:1044500015D1FFE741F21430C2F200000090D0F80D
:104460000822BDF8421000F5827001909047009A32
:1044700001991198B2F80422FFF7B0FEFFE7FFE7B9
:10448000FFE7FFE7FFE7FFE7FFE7FFE712B080BDC9
:1044900080B582B00090009820B9FFE701208DF828
:1044A000070023E00099242081F84100009801686A
:1044B000C86820F40050C860009800F0CFFA009956
:1044C00000204864009981F84100009981F8420079
:1044D0000099086300994863FFE70099002081F87C
:1044E0004000FFE700208DF80700FFE79DF8070078
:1044F00002B080BD80B582B001900198006841F2A1
:104500000001C4F2010188420AD1FFE742F2D8411A
:10451000C2F2000108680130086004F08DFC1DE063
:104520000198006847F60001C4F20001884205D1F5
:10453000FFE704F035FD04F087FB0EE0019800680A
:1045400047F60041C4F20001884205D1FFE704F0BC
:1045500043FC04F031FBFFE7FFE7FFE702B080BD5B
:1045600080B592B011901198006800681090119871
:104570000068C0680F901198006840690E90002094
:104580000D900C90109800F00F000D900D9888B9C8
:10459000FFE79DF84000800600280AD5FFE79DF858
:1045A0003C008006002804D5FFE7119801F04EFB7F
:1045B00002E2FFE70D98002800F0C280FFE79DF8B7
:1045C0003800C00738B9FFE7BDF83C0010F4907F11
:1045D00000F0B680FFE79DF84000C00758B1FFE744
:1045E0009DF83D00C00730B1FFE71199486C40F0DD
:1045F00001004864FFE79DF84000400700280BD504
:10460000FFE79DF83800C00730B1FFE71199486C0B
:1046100040F002004864FFE79DF840008007002852
:104620000BD5FFE79DF83800C00730B1FFE71199BF
:10463000486C40F004004864FFE79DF84000000724
:10464000002811D5FFE79DF83C008006002805D41E
:10465000FFE79DF83800C00730B1FFE71199486CBB
:1046600040F008004864FFE71198406C002866D0CD
:10467000FFE79DF84000800600280AD5FFE79DF877
:104680003C008006002804D5FFE7119801F0DEFA0F
:10469000FFE7119800684069C0F380100C901198F2
:1046A000406C0007002804D4FFE70C9800283ED097
:1046B000FFE7119801F050FA119800684069400630
:1046C00000282FD5FFE7FFE7FFE71198006850E8C3
:1046D000050F20F040000B90FFE70B99119802683E
:1046E00042E805100028F0D1FFE7FFE71198C06B02
:1046F00098B1FFE71198C16B45F69910C0F600001C
:1047000008651198C06BFEF75DF828B1FFE71198B6
:10471000C06B016D8847FFE703E01198FFF7EAFEE1
:10472000FFE703E01198FFF7E5FEFFE706E01198C9
:10473000FFF7E0FE119900204864FFE7FFE73BE147
:104740001198006B012840F01781FFE79DF84000A9
:10475000C006002840F11081FFE79DF83C00C0062C
:10476000002840F10981FFE7FFE700200A90119837
:10477000006800680A901198006840680A900A98DA
:10478000FFE71198006840694006002840F19A80D0
:10479000FFE71198C06B00684068ADF82600BDF8CF
:1047A0002600002875D0FFE7BDF826001199898DF5
:1047B00088426EDAFFE7BDF826001199C885119886
:1047C000C06BC069B0F5807F58D0FFE7FFE7FFE717
:1047D0001198006850E8030F20F480700890FFE7FC
:1047E00008991198026842E803100028F0D1FFE709
:1047F000FFE7FFE7FFE71198006850E8050F20F09A
:1048000001000790FFE707991198026842E8051038
:104810000028F0D1FFE7FFE7FFE7FFE71198006806
:1048200050E8050F20F040000690FFE70699119828
:10483000026842E805100028F0D1FFE7FFE7119970
:10484000202081F84200119900200863FFE7FFE76C
:104850001198006850E8030F20F010000590FFE762
:1048600005991198026842E803100028F0D1FFE78B
:10487000FFE71198C06BFDF72FFFFFE711990220AA
:1048800048631198818DC28D891A89B2FFF702FDA4
:1048900017E0BDF826001199898D884210D1FFE7F5
:1048A0001198C06BC069B0F5807F08D1FFE71199FE
:1048B000022048631198818DFFF7ECFCFFE7FFE7CA
:1048C000FFE779E01199888DC98D401AADF8120083
:1048D0001198C08D00284ED0FFE7BDF812000028C7
:1048E00049D0FFE7FFE7FFE71198006850E8030FA2
:1048F00020F490700390FFE703991198026842E852
:1049000003100028F0D1FFE7FFE7FFE7FFE711986A
:10491000006850E8050F20F001000290FFE70299BF
:104920001198026842E805100028F0D1FFE7FFE780
:104930001199202081F84200119900200863FFE7B7
:10494000FFE71198006850E8030F20F01000019075
:10495000FFE701991198026842E803100028F0D19E
:10496000FFE7FFE71199022048631198BDF8121084
:10497000FFF790FCFFE71FE09DF8400000060028CD
:104980000AD5FFE79DF83C000006002804D5FFE7A4
:10499000119801F077FB0FE09DF8400040060028D9
:1049A0000AD5FFE79DF83C004006002804D5FFE744
:1049B000119801F01BF9FFE712B080BD80B582B0FD
:1049C0000090009820B9FFE701208DF8070040E033
:1049D0000098806908B1FFE700E0FFE7009890F8D1
:1049E000410040B9FFE70099002081F8400000989D
:1049F00000F0B6F8FFE70099242081F84100009804
:104A00000168C86820F40050C860009801F0D2F92D
:104A100000980168086920F49040086100980168D6
:104A2000486920F02A00486100980168C86840F48D
:104A30000050C860009900204864009A202182F844
:104A40004110009A82F84210009948638DF80700DF
:104A5000FFE79DF8070002B080BD000080B582B07E
:104A600001900198006847F60001C4F200018842F5
:104A700014D1FFE743F64001C4F20201086820F0B8
:104A80008040086041F20000C4F202004FF4C0719F
:104A9000FEF7E0F95220FEF7D3FD5EE001980068D2
:104AA00047F60041C4F20001884213D1FFE743F604
:104AB0004001C4F20201086820F00040086041F2A1
:104AC0000000C4F202000321FEF7C4F95320FEF7F0
:104AD000B7FD41E00198006841F20001C4F2010114
:104AE00088421ED1FFE743F64401C4F20201086880
:104AF00020F01000086040F20040C4F20200802163
:104B0000FEF7A8F90020C4F202004FF40071FEF78E
:104B1000A1F90198C06BFDF777FE2520FEF790FD07
:104B200019E00198006844F20041C4F20001884293
:104B300010D1FFE743F64001C4F20201086820F4F7
:104B40000030086040F60040C4F202006021FEF729
:104B500081F9FFE7FFE7FFE7FFE702B080BD000054
:104B600080B59AB019900020189017901690159063
:104B700014901998006847F60001C4F200018842B9
:104B80003FD1FFE7FFE70020139043F64000C4F257
:104B90000200016841F080410160006800F080403F
:104BA00013901398FFE7FFE70020129043F63000C0
:104BB000C4F20200016841F010010160006800F0D9
:104BC000100012901298FFE74FF4C070149002206A
:104BD0001590002009901690032017900820189037
:104BE00041F20000C4F2020014A9FEF761FA099A2A
:104BF00052200A901146FEF737FD0A98FEF72AFD6B
:104C000023E11998006847F60041C4F20001884288
:104C10003DD1FFE7FFE70020119043F64000C4F2CA
:104C20000200016841F000410160006800F00040AE
:104C300011901198FFE7FFE70020109043F6300035
:104C4000C4F20200016841F010010160006800F048
:104C5000100010901098FFE7032014900221159186
:104C600000210791169117900820189041F200003A
:104C7000C4F2020014A9FEF71BFA079A5320089009
:104C80001146FEF7F1FC0898FEF7E4FCDCE0199809
:104C9000006841F20001C4F20101884240F09580B1
:104CA000FFE7FFE700200F9043F64400C4F2020044
:104CB000016841F010010160006800F010000F90E1
:104CC0000F98FFE7FFE700200E9043F63000C4F294
:104CD0000200016841F002010160006800F002007A
:104CE0000E900E98FFE7FFE700200D9043F630008E
:104CF000C4F20200016841F001010160006800F0A7
:104D000001000D900D98FFE7802014900220019083
:104D10001590002005901690032002901790072010
:104D20000390189040F20040C4F2020014A90491CC
:104D3000FEF7BEF9DDF804C0029A03980499059BBA
:104D40004FF4007ECDF850E0CDF854C01693179282
:104D500018900020C4F20200FEF7AAF9059941F666
:104D60002440C2F20000069046F24042C4F2020221
:104D700002604FF0006242608160C1604FF4806267
:104D80000261416181614FF48072C2614FF440322F
:104D900002624162FDF722FF18B1FFE7FCF744FD14
:104DA000FFE7FFE7199841F62441C2F20001C16311
:104DB00019988863FFE72520009000221146FEF72E
:104DC00053FC0098FEF746FC3DE01998006844F259
:104DD0000041C4F20001884234D1FFE7FFE7002020
:104DE0000C9043F64000C4F20200016841F4003127
:104DF0000160006800F400300C900C98FFE7FFE7BA
:104E000000200B9043F63000C4F20200016841F02C
:104E100008010160006800F008000B900B98FFE7A4
:104E20006020149002201590002016900320179007
:104E30000720189040F60040C4F2020014A9FEF7C3
:104E400037F9FFE7FFE7FFE7FFE71AB080BD000093
:104E500080B584B002900191ADF80220029890F8DC
:104E60004200202817D1FFE7019820B1FFE7BDF8E5
:104E7000020020B9FFE701208DF80F000FE0029932
:104E80000020086302980199BDF8022001F0C8F8DB
:104E90008DF80F0003E002208DF80F00FFE79DF86A
:104EA0000F0004B080BD000080B586B00590059865
:104EB000006841F20001C4F20101884240F099808B
:104EC000FFE742F2D441C2F20001086801300860F5
:104ED00042F29C40C2F20000007842F2C441C2F2A9
:104EE00000010870FEF70CFB42F2C841C2F200015B
:104EF000086040F24430C2F20000007838B3FFE7A7
:104F000042F29C40C2F2000000780F281ED1FFE759
:104F100042F2C041C2F2000108680130086042F26A
:104F20009C40C2F20000007842F29D41C2F20001B2
:104F3000087042F2BC41C2F200010120087040F248
:104F40004431C2F2000100200870FFE740E042F265
:104F50009C40C2F20000017842F2BC40C2F2000064
:104F6000037842F29D42C2F20002D154017801312D
:104F70000170007819282ADBFFE742F2B841C2F23B
:104F8000000108680130086042F29D40C2F2000052
:104F9000C17D42F2CD42C2F200021170007E42F2A7
:104FA000CC41C2F200010870FEF7AAFA42F2D041E9
:104FB000C2F20001086042F2B641C2F200010120D3
:104FC000087040F24431C2F200010870FFE7FFE7C9
:104FD00041F68440C2F2000042F29C41C2F200015C
:104FE0000122FFF735FF18B1FFE703F025FFFFE7C8
:104FF00080E10598006847F60001C4F2000188428C
:1050000040F01D81FFE741F6D030C2F20000007889
:1050100041F6C131C2F20001087041F6CC31C2F252
:10502000000108680130086041F6C030C2F200009B
:105030000078F0B9FFE741F6D030C2F20000007806
:10504000552803D0FFE703F0FFFD53E141F6D030D0
:10505000C2F20000007841F6C031C2F200010B78C4
:1050600041F6AC32C2F20002D05408780130087028
:10507000E2E041F6D030C2F20000017841F6C030E3
:10508000C2F20000037841F6AC32C2F20002D15401
:1050900001780131017000780B28C0F0CC80FFE767
:1050A00041F6C031C2F20001002008708DF81300F3
:1050B0000390FFE70398092810DCFFE7039941F606
:1050C000AC30C2F20000415C9DF8130008448DF83A
:1050D0001300FFE7039801300390EBE79DF81300FE
:1050E00041F6AC31C2F20001897A884240F09A80E0
:1050F000FFE741F6BC31C2F20001086801300860E8
:1051000041F6AC30C2F200000090407841F6C83160
:10511000C2F200010870FEF7F3F90146009841F66B
:10512000C432C2F200021160407852281FD1FFE75A
:1051300041F6AC31C2F200018879C97940EA012018
:10514000ADF80A00BDF90A0000EE100AB8EEC00A78
:105150009FED691A80EE010A9FED691A20EE010A9F
:1051600042F29840C2F2000080ED000A59E041F698
:10517000AC30C2F200004078532851D1FFE741F62D
:10518000AC31C2F200018878CA7840EA0220ADF85A
:10519000080008794A7940EA0220ADF806008879CB
:1051A000C97940EA0120ADF8040042F29841C2F208
:1051B000000100200860BDF9080000EE100AB8EEFA
:1051C000C00A9FED4D2A80EE020A9FED4C1A20EE98
:1051D000010A42F29040C2F2000080ED000ABDF9DF
:1051E000060000EE100AB8EEC00A80EE020A20EEB9
:1051F000010A42F28C40C2F2000080ED000ABDF9C3
:10520000040000EE100AB8EEC00A80EE020A20EE9A
:10521000010A42F29440C2F2000080ED000AFFE76A
:10522000FFE707E041F6B831C2F20001086801303B
:105230000860FFE7FFE7FFE703F006FD59E0059888
:10524000006847F60041C4F20001884250D1FFE7F0
:1052500041F6B051C2F2000108680130086041F621
:10526000AC50C2F20000007841F22051C2F20001BD
:105270000A784DF28021C0F60001895C884220D175
:10528000FFE741F22050C2F20000017801310170C5
:105290000078032814D3FFE741F6A451C2F20001BD
:1052A0000120087041F6A851C2F2000108680130DF
:1052B000086041F22051C2F2000100200870FFE7AF
:1052C00013E041F6AC50C2F2000000784DF28021AC
:1052D000C0F600010978401AB0FA80F0400941F2A6
:1052E0002051C2F200010870FFE703F065FCFFE700
:1052F000FFE7FFE706B080BD000000470000344331
:105300000000FA4481B0009001B0704780B58AB0C7
:1053100008900791ADF81A20059300200290089894
:1053200090F84100202840F08180FFE7079820B1E5
:10533000FFE7BDF81A0020B9FFE701208DF827002C
:1053400078E00899002048640899212081F84100FC
:10535000FEF7D6F80290BDF81A0008998884BDF8C7
:105360001A000899C88408988068B0F5805F09D150
:10537000FFE70898006928B9FFE700200490079824
:10538000039004E00798049000200390FFE7FFE7F4
:105390000898C08C78B3FFE70898029B05996A4685
:1053A00011608021002200F0B7FE40B1FFE70899AC
:1053B000202081F8410003208DF827003AE004986E
:1053C00058B9FFE7039800886FF35F2008990968D0
:1053D000486003980230039008E004980078089928
:1053E00009684860049801300490FFE70899C88C68
:1053F0000138C884CCE70898029B05996A46116079
:105400004021002200F088FE40B1FFE708992020EB
:1054100081F8410003208DF827000BE00899202037
:1054200081F8410000208DF8270003E002208DF86C
:105430002700FFE79DF827000AB080BD81B00090EB
:1054400001B07047FFE7FEE780B582B041F6D43087
:10545000C2F20000009046F20041C4F20001016077
:1054600009214160002101918160C1604FF48032C7
:1054700002614FF480124261017641768176C176F5
:1054800001774177FCF758FE18B1FFE7FCF7CCF93C
:10549000FFE702B080BD000080B582B041F6FC306D
:1054A000C2F20000009046F60001C4F20001016063
:1054B00009214160002101918160C1604FF4803277
:1054C00002614FF480124261017641768176C176A5
:1054D00001774177FCF730FE18B1FFE7FCF7A4F93C
:1054E000FFE702B080BD000080B582B0FFE700207A
:1054F000019043F63000C4F20200016841F48001DB
:105500000160006800F4800001900198FFE73A20F4
:10551000009000221146FEF7A7F80098FEF79AF8CF
:1055200002B080BD80B59AB00020199018901790F5
:1055300016901590FFE70020149043F63000C4F257
:105540000200016841F010010160006800F01000E5
:1055500014901498FFE7FFE70020139043F6300003
:10556000C4F20200016841F001010160006800F02E
:10557000010013901398FFE7FFE70020129043F615
:105580003000C4F20200016841F0020101600068CD
:1055900000F0020012901298FFE7FFE70020119040
:1055A00043F63000C4F20200016841F008010160D6
:1055B000006800F0080011901198FFE7FFE7002055
:1055C000109043F63000C4F20200016841F480718B
:1055D0000160006800F4807010901098FFE7FFE70A
:1055E00000200F9043F63000C4F20200016841F041
:1055F00080010160006800F080000F900F98FFE7C5
:10560000FFE700200E9043F63000C4F2020001686C
:1056100041F040010160006800F040000E900E98DB
:10562000FFE742F20000C4F202000290E42101917F
:1056300000220B92FDF74CFF0B9A41F60000C4F2DA
:10564000020004904FF4EF710391FDF741FF0B9AB4
:1056500041F60040C4F2020006904FF480610591CB
:10566000FDF736FF0B9A40F60040C4F202000790A7
:105670004FF47041FDF72CFF0B9A0020C4F202009A
:105680000C900B210A91FDF723FF019A02980B99C8
:1056900015920122089216920222099217921891ED
:1056A00015A90D91FDF704FDDDF80CC00498089BC9
:1056B0000B9A0D99CDF854C0169317921892FDF7D6
:1056C000F7FC04980B9A0D99202315934FF4881337
:1056D00016931792FDF7ECFCDDF814C00698089BB2
:1056E0000B9A0D99CDF854C0169317931892FDF7A5
:1056F000DFFC0798089B0B9A0D994FF4404CCDF8AE
:1057000054C0169317931892FDF7D2FC0798089B84
:105710000B9A0D994FF4005CCDF854C01693179373
:105720001892FDF7C5FC0798DDF820C0099B0B9A7D
:105730000D994FF4805ECDF854E0CDF858C0179322
:105740001892FDF7B5FCDDF820C0099B0B9A0C9868
:105750000D99DDF828E0CDF854E0CDF858C0179346
:105760001892FDF7A5FC0B9A0C980D99042315933C
:1057700016921792FDF79CFC1AB080BD80B582B0DE
:1057800041F61450C2F20000019047F60001C4F245
:10579000000101604FF41651416000218160C16039
:1057A00001610C2242618161C161FFF707F918B103
:1057B000FFE7FCF739F8FFE702B080BD80B582B0A3
:1057C00041F65C50C2F20000019047F60041C4F27D
:1057D000000101604FF4E131416000218160C1604E
:1057E00001610C2242618161C161FFF7E7F818B1E4
:1057F000FFE7FCF719F8FFE702B080BD80B582B083
:1058000041F68440C2F20000019041F20001C4F26E
:105810000101016048F2A061C0F2010141604FF452
:10582000805181604FF40051C1604FF4806101618B
:105830000C21416100218161C161FFF7BFF818B1FE
:10584000FFE7FBF7F1FFFFE702B080BD80B582B054
:1058500041F6CC40C2F20000019044F20041C4F293
:10586000000101604FF4E131416000218160C160BD
:1058700001610C2242618161C161FFF79FF818B19B
:10588000FFE7FBF7D1FFFFE702B080BDFFE7FEE7D0
:10589000FFE7FEE788B0079006910592079800F0B1
:1058A000070004900498C0F10700052803D3FFE720
:1058B0000420019004E00498C0F107000190FFE784
:1058C0000198039004980430062803D8FFE70020CD
:1058D000009003E0049803380090FFE700980290DE
:1058E00006980399012202FA01F101390840029B4E
:1058F000984005999A40013A1140084308B0704712
:10590000704700007047000080B582B0009000989A
:105910000138B0F1807F03D3FFE70120019019E047
:10592000009801384EF21401CEF2000108604FF0E9
:10593000FF300F2105F000FB4EF21801CEF20001FE
:10594000002008604EF21002CEF200020721116022
:105950000190FFE7019802B080BD000080B5FDF71F
:10596000E7FD80BD4EF68851CEF20001086840F494
:10597000700008607047000080B541F61450C2F214
:105980000000FEF7EDFD80BD80B541F65C50C2F22F
:105990000000FEF7E5FD80BD80B582B00190019862
:1059A000806B009000990020C8850098FEF7A2FD4A
:1059B00002B080BD80B584B00390002002900398AF
:1059C000806B0190019800684069C0B2C0090290E4
:1059D000019890F8410021280AD1FFE7029838B1D8
:1059E000FFE701990020C884019800F013F9FFE750
:1059F000019800684069C0F380100290019890F807
:105A0000420022280AD1FFE7029838B1FFE7019946
:105A10000020C885019800F09FF8FFE70199486CC5
:105A200040F0100048640198FEF764FD04B080BDAA
:105A300080B586B005900598806B04900598006845
:105A40000068C00500285AD4FFE704990020C885E3
:105A5000FFE7FFE70498006850E8030F20F4807028
:105A60000390FFE703990498026842E803100028B6
:105A7000F0D1FFE7FFE7FFE7FFE70498006850E891
:105A8000050F20F001000290FFE7029904980268D8
:105A900042E805100028F0D1FFE7FFE7FFE7FFE746
:105AA0000498006850E8050F20F040000190FFE7DF
:105AB00001990498026842E805100028F0D1FFE738
:105AC000FFE70499202081F842000498006B012828
:105AD00014D1FFE7FFE7FFE70498006850E8030FE1
:105AE00020F010000090FFE700990498026842E857
:105AF00003100028F0D1FFE7FFE7FFE7FFE7049975
:105B0000002048630498006B012805D1FFE7049842
:105B1000818DFEF7BFFB03E00498FFF7C5F9FFE7AF
:105B200006B080BD80B582B001900198806B009076
:105B30000099012048630098006B012806D1FFE717
:105B40000098818D4908FEF7A5FB03E00098FFF758
:105B5000D9FBFFE702B080BD84B00390FFE7FFE709
:105B60000398006850E8030F20F490700290FFE75C
:105B700002990398026842E803100028F0D1FFE779
:105B8000FFE7FFE7FFE70398006850E8050F20F004
:105B900001000190FFE701990398026842E80510AF
:105BA0000028F0D1FFE7FFE70398006B012814D12C
:105BB000FFE7FFE7FFE70398006850E8030F20F0D6
:105BC00010000090FFE700990398026842E8031074
:105BD0000028F0D1FFE7FFE7FFE70399202081F8D5
:105BE000420003990020086304B0704780B582B07A
:105BF000019001980168C86820F04000C8600199D0
:105C0000202081F841000198FFF718FC002002B025
:105C100080BD000082B00190FFE7FFE701980068B7
:105C200050E8030F20F0C0000090FFE700990198B2
:105C3000026842E803100028F0D1FFE7FFE701996E
:105C4000202081F8410002B07047000080B586B086
:105C50000490002003900290049890F842002228BB
:105C600040F0A080FFE704988068B0F5805F13D112
:105C7000FFE70498006978B9FFE70498806A02900A
:105C80000498006840686FF35F20029908800499C7
:105C9000886A0230886223E00498806A039004983E
:105CA0008068B0F5805F08D0FFE70498806850B93D
:105CB000FFE70498006930B9FFE70498006840687E
:105CC0000399087007E004980068406800F07F00BE
:105CD00003990870FFE70499886A01308862FFE73A
:105CE0000499C88D0138C8850004002856D1FFE703
:105CF00004980168C86820F02000C8600498016812
:105D0000C86820F48070C86004980168486920F071
:105D1000010048610499202081F842000499002084
:105D200048630498006B012830D1FFE704990020F4
:105D30000863FFE7FFE70498006850E8030F20F0CE
:105D400010000190FFE701990498026842E80310EF
:105D50000028F0D1FFE7FFE7049800680068C0065C
:105D600000280ED5FFE7FFE70020009004980068A8
:105D70000068009004980068406800900098FFE771
:105D8000FFE70498818DFEF785FA03E00498FFF79A
:105D90008BF8FFE700208DF8170007E000208DF852
:105DA000170003E002208DF81700FFE79DF81700A9
:105DB00006B080BD80B586B0059005980068006982
:105DC00020F44050059A1168D26810430861059983
:105DD00088680B694A69C9691843104308430490ED
:105DE00005980068C06849F20C618843049908432B
:105DF00005990968C86005980068406920F44070FA
:105E0000059A11689269104348610598006841F24B
:105E10000001C4F20101884209D0FFE7059800683B
:105E200041F20041C4F20101884204D1FFE7FDF7CD
:105E3000E7FD039003E0FDF7D1FD0390FFE7059830
:105E4000C069B0F5004F29D1FFE703981921A0FBE5
:105E50000101059A1368029353685A00DB0FFAF7A1
:105E60007DFA0299864648F21F53C5F2EB13AEFB4A
:105E70000320420910014FF0640C02FB1CEC32229B
:105E800002EBCC02A2FB0332F82303EA521300EB2D
:105E90004300C2F342121044886026E0039819219F
:105EA000A0FB0101059A1368019353689A009B0FA8
:105EB000FAF754FA0199844648F21F52C5F2EB12E0
:105EC000ACFB02304309642003FB10CC322000EB12
:105ED0000C10A0FB0202F02000EA521000EB0310AD
:105EE000C2F3431210448860FFE706B080BD000093
:105EF00080B58AB008900791ADF81A2007980899E4
:105F00008862BDF81A0008998885089900204864BD
:105F1000089A222182F842100899CA6B45F631216D
:105F2000C0F60001D1630899CA6B45F62531C0F669
:105F3000000111640899CA6B45F6B511C0F600015D
:105F4000D1640899C96B086507A80590089801688D
:105F5000C06B0431059A1268BDF81A30FCF7F6FEE2
:105F600058B1FFE70899102048640899202081F86B
:105F7000420001208DF827004EE0FFE7002004904A
:105F800008980068006804900898006840680490C9
:105F90000498FFE708980069A0B1FFE7FFE7FFE773
:105FA0000898006850E8030F40F480700390FFE702
:105FB00003990898026842E803100028F0D1FFE72F
:105FC000FFE7FFE7FFE7FFE70898006850E8050FE5
:105FD00040F001000290FFE702990898026842E849
:105FE00005100028F0D1FFE7FFE7FFE7FFE708987B
:105FF000006850E8050F40F040000190FFE701996C
:106000000898026842E805100028F0D1FFE7FFE792
:1060100000208DF82700FFE79DF827000AB080BD1B
:1060200083B002900191ADF8022001980299886234
:10603000BDF8020002998885BDF802000299C88562
:106040000299002048640299222081F842000298B7
:10605000006938B1FFE702980168C86840F48070B1
:10606000C860FFE702980168486940F00100486194
:1060700002980168C86840F02000C860002003B0A2
:106080007047000083B00190019890F841002128EA
:106090003AD1FFE701988068B0F5805F13D1FFE740
:1060A0000198006978B9FFE70198006A00900098AC
:1060B00000886FF35F200199096848600199086AB8
:1060C0000230086208E0019A106A411C11620078EF
:1060D000019909684860FFE70199C88C0138C884B4
:1060E000000468B9FFE701980168C86820F08000E3
:1060F000C86001980168C86840F04000C860FFE7C8
:1061000000208DF80B0003E002208DF80B00FFE764
:106110009DF80B0003B0704780B586B0DDF820C055
:10612000049003918DF80B200193FFE70498006819
:10613000006803990840401AB0FA80F040099DF8C1
:106140000B1088424DD1FFE708980130002847D056
:10615000FFE7FDF7D5F90199401A0899884203D85D
:10616000FFE7089820B9FFE703208DF817003CE00F
:1061700004980068C0684007002830D5FFE70398FE
:1061800080282CD0FFE70398402828D0FFE7049808
:106190000068006800F008010120B0EBD10F1DD1AC
:1061A000FFE7FFE700200090049800680068009077
:1061B00004980068406800900098FFE70498FFF793
:1061C000CBFC049908204864FFE70499002081F87B
:1061D0004000FFE701208DF8170006E0FFE7FFE72A
:1061E000A4E700208DF81700FFE79DF8170006B020
:1061F00080BD000080B541F68440C2F20000FEF789
:10620000AFF980BDFFE7FEE780B504F0D5FE04F0EE
:10621000DBFE04F019FF04F01FFF04F025FF04F07B
:106220002BFF04F031FF04F037FF04F03DFF04F0D2
:1062300043FF04F0D1FE04F0D7FE04F0DDFE04F0CD
:10624000E3FE04F0E9FE04F0EFFE04F0F5FE80BD8D
:1062500080B582B08DED010A9DED010A9FED031A14
:10626000F0EE410A02F048FA02B080BD00000000E2
:1062700080B582B08DED010A9DED010AF1EE400A74
:106280009FED031AB0EE410A02F036FA02B080BD6B
:106290000000000080B582B08DED010A9DED010A7D
:1062A000B1EE401ADFED030AB0EE600A02F024FA04
:1062B00002B080BD0000000080B582B08DF80700FC
:1062C0009DF8072041F60040C4F202001021FDF7BE
:1062D000FFF802B080BD000080B582B08DF80700E5
:1062E0009DF8072041F60040C4F202002021FDF78E
:1062F000EFF802B080BD000080B582B08DF80700D5
:106300009DF8072041F60040C4F202000421FDF789
:10631000DFF802B080BD000080B582B08DF80700C4
:106320009DF8072041F60040C4F202000821FDF765
:10633000CFF802B080BD000084B0029002980078CF
:106340000F2840F0B680FFE70298C07D8DF8070067
:106350009DF8070000F00C00B0FA80F0400940F210
:106360006C41C2F20001009181F85200029A50780B
:10637000927840EA02206FF3DF204886029A9078F4
:10638000D278C00840EA42106FF3DF208886029A74
:10639000D07813795279800940EA830040EA82205C
:1063A0006FF3DF20C886029A50799279400840EA5C
:1063B000C2106FF3DF200887029A9079D279000922
:1063C00040EA02106FF3DF204887029AD079137AEF
:1063D000527AC00940EA430040EA42206FF3DF20CE
:1063E0008887029A507A927A800840EA82106FF386
:1063F000DF20C887029A907AD27A400940EAC20028
:10640000A1F84000029A107B527B40EA02206FF311
:10641000DF20A1F84200029A507B927BC00840EA3C
:1064200042106FF3DF20A1F84400029A907BD37BE7
:10643000127C800940EA830040EA82206FF3DF206B
:10644000A1F84600029A107C527C400840EAC21033
:106450006FF3DF20A1F84800029A507C927C00097B
:1064600040EA02106FF3DF20A1F84A00029A907C04
:10647000D37C127DC00940EA430040EA42206FF31A
:10648000DF20A1F84C00029A107D527D800840EA7E
:1064900082106FF3DF20A1F84E00029A507D927DAA
:1064A000400940EAC200A1F8500001208DF80F0019
:1064B00009E040F26C41C2F20001002081F8520074
:1064C0008DF80F00FFE79DF80F0004B07047000043
:1064D00080B58CB00B90ADF82A100992ADF822303F
:1064E000BDF82A0002900020039004900590BDF8AA
:1064F000220006900B98099A02A901ABFBF798F9C4
:106500000CB080BD80B582B0019001980068009009
:106510001B2823D0FFE7009840F20121884227D0B2
:10652000FFE7009840F2022188422BD0FFE7009855
:1065300040F2032188422FD0FFE70098B0F5017F99
:1065400034D0FFE7009840F20521884238D0FFE7B9
:10655000009840F2062188423CD045E0019800F1C5
:106560001C0141F2CC50C2F2000004F0C3F83BE041
:10657000019800F11C0141F6BC60C2F2000003F07A
:1065800065FC31E0019800F11C0141F6B470C2F2E3
:10659000000003F05BFC27E0019800F11C0142F2CF
:1065A000AC00C2F2000003F051FC1DE0019800F1C4
:1065B0001C0142F2A410C2F2000003F047FC13E0F9
:1065C000019800F11C0141F6B010C2F2000003F086
:1065D00063FA09E0019800F11C0141F6A820C2F21B
:1065E000000003F059FAFFE702B080BD80B582B029
:1065F00001900198006800901A281DD0FFE70098CC
:1066000040F20121884221D0FFE7009840F20221A8
:10661000884225D0FFE7009840F20321884229D024
:10662000FFE70098B0F5017F2ED0FFE7009840F219
:106630000521884232D03BE0019800F11C0141F273
:106640003860C2F2000004F055F831E0019800F122
:106650001C0142F29C20C2F2000003F0F7FB27E08D
:10666000019800F11C0142F29430C2F2000003F0E4
:10667000EDFB1DE0019800F11C0142F22C50C2F22A
:10668000000003F0E3FB13E0019800F11C0142F26B
:106690002460C2F2000003F0D9FB09E0019800F188
:1066A0001C0141F6C450C2F2000003F0CFFBFFE72B
:1066B00002B080BD41F6B451C2F2000148F2991017
:1066C000C0F600000860704783B002908DED010AAB
:1066D000CDED000A029890ED000A9DED011AB4EE8E
:1066E000410AF1EE10FA04DAFFE701980299086016
:1066F0000FE0029890ED000A9DED001AB4EE410AF9
:10670000F1EE10FA04DDFFE7009802990860FFE758
:10671000FFE7029890ED000A03B0704740F2304165
:10672000C2F200010020086048608860C86008610B
:1067300048610022CCF2C8228A61087788867047B7
:1067400085B004908DF80F10049841F6D431C2F250
:10675000000188425BD1FFE79DF80F000138014638
:1067600001910A2852D80199DFE801F0060C131AAA
:1067700021272E353C42490040F2B030C2F20000E1
:10678000029043E040F2B030C2F2000002300290CA
:106790003CE040F2B030C2F200000430029035E03C
:1067A00040F2B030C2F20000063002902EE040F21B
:1067B000A830C2F20000029028E040F2A830C2F2F5
:1067C00000000230029021E040F2A830C2F2000046
:1067D000043002901AE040F2A830C2F20000063005
:1067E000029013E040F2B830C2F2000002900DE0D7
:1067F00040F2B830C2F200000230029006E040F2EF
:10680000B830C2F2000004300290FFE763E0049861
:1068100041F6FC31C2F2000188425BD1FFE79DF8EE
:106820000F000138014600910A2852D80099DFE88C
:1068300001F0060C131A21272E353C42490040F284
:10684000F430C2F20000029043E040F2F430C2F2B1
:106850000000023002903CE040F2F430C2F200004E
:106860000430029035E040F2F430C2F2000006300D
:1068700002902EE040F2EC30C2F20000029028E0DC
:1068800040F2EC30C2F200000230029021E040F20F
:10689000EC30C2F20000043002901AE040F2EC301A
:1068A000C2F200000630029013E040F2FC30C2F267
:1068B000000002900DE040F2FC30C2F20000023015
:1068C000029006E040F2FC30C2F200000430029078
:1068D000FFE7FFE7FFE7029805B0704787B08DED4F
:1068E000060ACDED050A8DED041A039002919DED87
:1068F000060A9DED052A30EE420A9DED041A31EE9E
:10690000421A80EE010A8DED010A9DED010A0299FD
:106910000398091A01EE101AB8EEC12A01EE100A06
:10692000B8EEC11A20EE020A30EE010ABDEEC00A2E
:106930008DED000A009807B07047000087B0069000
:10694000059104928DED030ACDED020A0698059992
:10695000401A00EE100AB8EEC00A0498401A01EE80
:10696000100AB8EEC11A80EE010A8DED010A9DED04
:10697000010A9DED022A9DED031A32EE412A20EE16
:10698000020A30EE010A8DED000A9DED000A07B003
:106990007047000080B594B008A83021F9F776FD63
:1069A000002007900690059004900390FFE70020D8
:1069B000029043F64000C4F20200016841F08051A9
:1069C0000160006800F0805002900298FFE7FFE746
:1069D0000020019047F20000C4F20000016841F479
:1069E00040410160006800F4404001900198FFE7D9
:1069F000012008904FF48030099002200E904FF44F
:106A000080010F9106211091B42111911290042060
:106A1000139008A8FDF77AF818B1FFE7FAF704FF1A
:106A2000FFE7FCF743FE18B1FFE7FAF7FDFEFFE7CB
:106A30000F20039002200490002005904FF4A050F6
:106A400006904FF48050079003A80521FCF78EFEB6
:106A500018B1FFE7FAF7E8FEFFE714B080BD0000C9
:106A600080B58EB00D908DF833100B920A939DF87F
:106A70003300C00708B1FFE72AE09DF8330000F0BB
:106A800002010020B0EB510F01D0FFE720E00B988E
:106A90006FF3DF2040010090002001900A996FF30E
:106AA000DF214901029103909DF83310C908059137
:106AB00006900120079008900E2009909DF8330061
:106AC000C0F3800004900D986946FAF75DFFFFE778
:106AD0000EB080BD86B00590049105980390039890
:106AE0000178407840EA0120ADF80A00049868B1C6
:106AF000FFE705980190049800900198407800996C
:106B000008700198007800994870FFE7BDF80A0006
:106B100006B0704780B5A0B04FF07E50199040F29B
:106B20006C40C2F2000090F8520090B9FFE740F2CA
:106B30003041C2F20001079100200860486088607F
:106B4000C86048778862C8620020CCF2C82088619B
:106B5000E1E140F26C40C2F200000190418EADF8DC
:106B60006210818EADF86010C18EADF85E10018F9D
:106B7000ADF85C10418FADF85A10B0F84410ADF884
:106B80005810818FADF85610C08FADF854004FF4F7
:106B90009560ADF852004FF41670ADF850004FF408
:106BA000AF60ADF84E00BDF8540040F23041C2F283
:106BB000000102918886BDF85800C02103914FF46E
:106BC000787204924FF4E06305939FEDD40A8DED43
:106BD000060A02F057F8DDF808C00399049A059BED
:106BE000B0EE401A9DED060A8DED121A1298CCF8FF
:106BF000180000208CF81D00BDF85E0002F042F87D
:106C00008DED110A11981F909DED1F0AB0EEC00A7C
:106C1000B1EE041AB4EE410AF1EE10FA03DAFFE71E
:106C200000201190FFE7119940F23040C2F20000BD
:106C3000C160407F002840F0E080FFE7BDF86000C1
:106C4000C0214FF478724FF4E0639FEDB40A02F074
:106C500019F802F039F98DED100A10981E909DED8B
:106C60001E0AB0EEC00AB2EE001AB4EE410AF1EE0E
:106C700010FA03DAFFE700201090FFE79DED190AF4
:106C80009DED102AB7EE001A31EE401A41F2245061
:106C9000C2F2000090ED003A21EE031A20EE020A43
:106CA00030EE010A40F23040C2F2000080ED000AEE
:106CB000BDF86200C0214FF478724FF4E0639FED9D
:106CC000970A01F0DFFF02F0FFF88DED0F0A0F9831
:106CD0001D909DED1D0AB0EEC00AB2EE001AB4EE92
:106CE000410AF1EE10FA03DAFFE700200F90FFE708
:106CF0009DED190A9DED0F2AB7EE001A31EE401AEC
:106D000041F22450C2F2000090ED013A21EE031A44
:106D100020EE020A30EE010A40F23040C2F20000DA
:106D200080ED010ABDF85C00C0214FF478724FF489
:106D3000E0639FED7A0A01F0A5FF02F0C5F88DED42
:106D40000E0A0E981C909DED1C0AB0EEC00AB2EE21
:106D5000001AB4EE410AF1EE10FA03DAFFE7002060
:106D60000E90FFE79DED190A9DED0E2AB7EE001A71
:106D700031EE401A41F22450C2F2000090ED023A86
:106D800021EE031A20EE020A30EE010A40F23041F1
:106D9000C2F2000181ED020A0020086248620D90F3
:106DA000BDF85600B0F5167F03DAFFE700200D901E
:106DB00010E0BDF85600B0F5AF6F05DAFFE7002030
:106DC000C4F248200D9004E00020C4F2C8200D90C9
:106DD000FFE7FFE70D9840F23041C2F20001886200
:106DE000BDF85A304EA0021DB3F5956FC8BF1046CE
:106DF00000680C900C98C8627EE040F23041C2F20C
:106E000000010020086048608860BDF85C00C02177
:106E10004FF478724FF4E0639FED400A01F032FFC7
:106E20008DED0B0A0B981B909DED1B0AB0EEC00A6E
:106E3000B2EE041AB4EE410AF1EE10FA03DAFFE7FB
:106E400000200B90FFE70B9840F23041C2F20001A6
:106E50000862BDF86200C0214FF478724FF4E0631D
:106E60009FED2E0A01F00EFF8DED0A0A0A981A9086
:106E70009DED1A0AB0EEC00AB2EE001AB4EE410A55
:106E8000F1EE10FA03DAFFE700200A90FFE70A9814
:106E900040F23041C2F20001486200200990BDF882
:106EA0005600B0F5167F03DAFFE70020099010E0E6
:106EB000BDF85600B0F5AF6F05DAFFE70020C4F269
:106EC0004820099004E00020C4F2C8200990FFE7A0
:106ED000FFE7099840F23041C2F200018862BDF834
:106EE0005A300FA0021DB3F5956FC8BF1046006859
:106EF00008900898C862FFE740F23040C2F20000F4
:106F0000026841F22451C2F200010A6042684A60FC
:106F100080688860FFE720B080BD00BF0000C842E5
:106F2000000000000000C84280B58AB00990ADF8AA
:106F30002210099942F2E440C2F20000069003F0E8
:106F4000AFF9069803F048F901460791072800F2C7
:106F500063820799DFE811F0080049008A00CB003E
:106F6000CC0011015601660142F2E440C2F2000079
:106F7000059003F039F951EC100B05F045FF00EED8
:106F8000100A41F6BC60C2F2000003F06DFF0598E4
:106F900003F02AF951EC100B05F036FF00EE100A51
:106FA00041F6B470C2F2000003F05EFF059803F0F2
:106FB0001BF951EC100B05F027FF00EE100A42F20E
:106FC000AC00C2F2000003F04FFF059803F00CF98B
:106FD00051EC100B05F018FF00EE100A42F2A4105D
:106FE000C2F2000003F040FF16E242F2E440C2F2B7
:106FF0000000049003F0F8F851EC100B05F004FFCA
:1070000000EE100A41F6BC60C2F2000003F022FF5D
:10701000049803F0E9F851EC100B05F0F5FE00EED2
:10702000100A41F6B470C2F2000003F013FF049896
:1070300003F0DAF851EC100B05F0E6FE00EE100A52
:1070400042F2AC00C2F2000003F004FF049803F027
:10705000CBF851EC100B05F0D7FE00EE100A42F20F
:10706000A410C2F2000003F0F5FED5E142F2E440C4
:10707000C2F20000039003F0B7F851EC100B05F0DA
:10708000C3FE00EE100A41F6BC60C2F2000003F03D
:10709000D7FE039803F0A8F851EC100B05F0B4FEEE
:1070A00000EE100A41F6B470C2F2000003F0C8FE10
:1070B000039803F099F851EC100B05F0A5FE00EED3
:1070C000100A42F2AC00C2F2000003F0B9FE0398CD
:1070D00003F08AF851EC100B05F096FE00EE100A52
:1070E00042F2A410C2F2000003F0AAFE94E193E180
:1070F00042F2E440C2F20000029003F075F851EC55
:10710000100B05F081FE00EE100A41F6BC60C2F2E1
:107110000000503003F09EFE029803F065F851EC39
:10712000100B05F071FE00EE100A41F6B470C2F2C9
:107130000000503003F08EFE029803F055F851EC39
:10714000100B05F061FE00EE100A42F2AC00C2F234
:107150000000503003F07EFE029803F045F851EC39
:10716000100B05F051FE00EE100A42F2A410C2F21C
:107170000000503003F06EFE4EE142F2E440C2F2F5
:107180000000019003F030F851EC100B05F03CFECC
:1071900000EE100A41F6BC60C2F20000503003F06D
:1071A0004FFE019803F020F851EC100B05F02CFE77
:1071B00000EE100A41F6B470C2F20000503003F045
:1071C0003FFE019803F010F851EC100B05F01CFE87
:1071D00000EE100A42F2AC00C2F20000503003F0A0
:1071E0002FFE019803F000F851EC100B05F00CFE97
:1071F00000EE100A42F2A410C2F20000503003F078
:107200001FFE09E142F2E440C2F2000002F0ECFF8E
:1072100051EC100B05F0F8FD42F22071C2F20001B2
:107220000860F9E042F2E440C2F2000002F0DCFF44
:1072300051EC100B05F0E8FD014641F6A830C2F212
:107240000000016090ED000AB5EE400AF1EE10FA80
:107250000ED1FFE79FED710A00F09EFF48F29910F2
:10726000C0F6000041F6B451C2F200010860D2E05D
:1072700041F6A830C2F2000090ED000AB7EE001A05
:10728000B4EE410AF1EE10FA12D1FFE742F220709B
:10729000C2F2000090ED000AFEF7DAFF46F251203C
:1072A000C0F6000041F6B451C2F200010860B1E03E
:1072B00041F6A830C2F2000090ED000AB0EE001ACC
:1072C000B4EE410AF1EE10FA12D1FFE742F220705B
:1072D000C2F2000090ED000A01F0ECF948F2B5604E
:1072E000C0F6000041F6B451C2F20001086090E01F
:1072F00041F6A830C2F2000090ED000AB0EE081A84
:10730000B4EE410AF1EE10FA12D1FFE742F220701A
:10731000C2F2000090ED000AFEF7AAFF46F27120CB
:10732000C0F6000041F6B451C2F2000108606FE0FF
:1073300041F6A830C2F2000090ED000AB1EE001A4A
:10734000B4EE410AF1EE10FA12D1FFE742F22070DA
:10735000C2F2000090ED000A01F0BEF948F2D960D7
:10736000C0F6000041F6B451C2F2000108604EE0E0
:1073700041F6A830C2F2000090ED000AB1EE041A06
:10738000B4EE410AF1EE10FA12D1FFE742F220709A
:10739000C2F2000090ED000A01F07CFB48F6952057
:1073A000C0F6000041F6B451C2F2000108602DE0C1
:1073B00041F6A830C2F2000090ED000AB1EE081AC2
:1073C000B4EE410AF1EE10FA12D1FFE742F220705A
:1073D000C2F2000090ED000AFEF75CFF46F2952035
:1073E000C0F6000041F6B451C2F2000108600CE0A2
:1073F00041F6B450C2F20000006842F22071C2F2BD
:10740000000191ED000A8047FFE7FFE7FFE7FFE794
:10741000FFE7FFE7FFE7FFE70AB080BD00000000DD
:1074200080B5BEB001F044FE02F0A2FA40F2304056
:10743000C2F2000090ED000A9FEDF42A80EE020AED
:10744000B3EE091A20EE410A8DED3D0A90ED010AD6
:1074500080EE020A20EE010A8DED3C0A90ED020A50
:1074600080EE020A20EE010A8DED3B0A42F29440C2
:10747000C2F2000000683A904FF07E50399000212F
:10748000C4F2400138910021C4F2A0013791369135
:10749000359040F6DB70C4F2491034904CF6E4317C
:1074A000C4F296113391329040F6DB70C3F6C97086
:1074B000319045F2D230C4F27B2030904EF6E0504D
:1074C000C4F2AF102F9045F2D230C4F2FB102E90D0
:1074D00041F25C50C2F200000078002840F02681A2
:1074E000FFE741F25E50C2F200000088002840F041
:1074F0000981FFE741F2CC50C2F2000003F0D8F856
:1075000041F68C10C2F200001C9080ED000A41F29E
:107510003860C2F2000003F0CBF81C9880ED010A3D
:1075200041F69400C2F2000002F07EFC1C9880ED4F
:10753000020A41F2A460C2F2000002F075FC1C983D
:1075400080ED030A41F29C70C2F2000002F06CFC74
:107550001C9880ED040A42F29C20C2F200001F90A9
:1075600002F062FC8DED1D0A42F29430C2F200007E
:10757000219002F059FCB0EE401A9DED1D0A30EE4C
:10758000410ABEEE001A20EE010A41F26050C2F23A
:107590000000209080ED000A41F6C450C2F20000C5
:1075A000229002F041FC229841F26451C2F20001A3
:1075B0001E9181ED000A02F037FC41F6B850C2F28C
:1075C0000000249080ED000A42F22C50C2F200002C
:1075D000239002F029FC249880ED010A42F22460F5
:1075E000C2F20000259002F01FFC249880ED020AF0
:1075F00041F6B010C2F20000269002F03BFA41F6CC
:10760000A030C2F20000279080ED000A41F6A820C9
:10761000C2F20000289002F02DFA1E9B1F982099BC
:10762000249ADDF89CC08CED010A93ED000A9FEDD1
:10763000781A30EE010A41F2745CC2F2000C8CED53
:10764000020A9CED020A9FED732A30EE020A8CEDCD
:10765000010A9CED010A30EE410A8CED000A41F26C
:10766000705EC2F2000E4FF0000C8EF800C040F2C7
:10767000343EC2F2000E4FF0020C8EF800C040F211
:10768000353EC2F2000E8EF800C0D3F800C0C2F83A
:1076900000C0D2F804C0C3F804C092689A6091EDAB
:1076A000000AB1EE400A02F0C7FB2099219891ED43
:1076B000000A02F0C1FB2298249991ED000A02F021
:1076C000BBFB2398249991ED010A02F0B5FB2499A4
:1076D000259891ED020A02F0AFFB2698279991EDCB
:1076E000000A02F0CFF92799289891ED010A02F0DB
:1076F000C9F93A9842F21C71C2F20001086001F027
:107700007FFCFFE741F25E50C2F2000001880131C8
:1077100001800088B0F57A7F07DBFFE741F25C511A
:10772000C2F2000101200870FFE7FFE701F0ECFC66
:1077300040F23040C2F2000090ED060A9FED361A8A
:10774000B4EE410AF1EE10FAC0F2F083FFE741F225
:10775000CC50C2F200001890B0EE000A8DED190A6C
:1077600003F0C0F918989FED2D0A8DED1B0A03F068
:10777000AFF99DED190A41F23860C2F200001A908B
:1077800003F0B0F91A989DED1B0A03F0A1F940F23D
:107790003040C2F2000090ED030A9FED211A80EE06
:1077A000010A9DED361A20EE011A41F26050C2F234
:1077B000000090ED000A9FED1B2A21EE021A30EE28
:1077C000010A80ED000A90ED000A9FED171AB4EE51
:1077D000410AF1EE10FA0ADDFFE741F26051C2F210
:1077E000000145F2D230C4F2FB100860FFE741F21D
:1077F0006050C2F2000090ED000A9FED0C1AB4EE4A
:10780000410AF1EE10FA27DA1CE000BF0000C8427E
:10781000DB0F4941E4CB96C1000048C2CDCC4C3EC1
:107820000000C8C26F12033BD253FB41D253FBC1CD
:10783000000096423B46713F0000484200000000B5
:107840006F12833A41F26051C2F2000145F2D23028
:10785000CCF2FB100860FFE741F26050C2F200007A
:10786000179090ED000AB1EE400A42F29C20C2F25D
:10787000000002F0E1FA179890ED000A42F294300D
:10788000C2F2000002F0D8FA40F23530C2F2000035
:1078900000788DF8B70040F26C40C2F2000090F81A
:1078A000520048B3FFE700208DF8B70040F23040A7
:1078B000C2F2000090ED0A0A1FED231AB4EE410A4D
:1078C000F1EE10FA04DDFFE702208DF8B70012E0B8
:1078D00040F23040C2F2000090ED0A0AB3EE091AFD
:1078E000B4EE410AF1EE10FA04DDFFE701208DF855
:1078F000B700FFE7FFE7FFE741F27050C2F2000078
:107900000078002846D1FFE741F27450C2F200002F
:107910001690806841F6B851C2F20001086041F645
:10792000C450C2F2000002F07FFA169890ED021ADD
:1079300030EE410AB0EEC00A1FED421AB4EE410A21
:10794000F1EE10FA25DAFFE741F25E50C2F20000D4
:107950000088C9281DDBFFE741F27051C2F2000127
:107960000120087040F23431C2F200010220087098
:1079700040F26C40C2F2000090F8520040B1FFE7C4
:107980009DF8B70040F23531C2F200010870FFE700
:10799000FFE731E040F26C40C2F2000090F8520084
:1079A000C8B1FFE79DF8B70040F23531C2F20001DF
:1079B000097888420FD0FFE79DF8B70040F23531D3
:1079C000C2F2000108709DF8B70040F23431C2F2F3
:1079D00000010870FFE740F23430C2F20000017885
:1079E00041F27450C2F2000050F8210041F6B85143
:1079F000C2F200010860FFE740F23040C2F200002E
:107A000090ED0B0A0FF2F0610A1D1FED751AB4EE2E
:107A1000410AF1EE10FAC8BF114609682C9141F2F3
:107A20006452C2F2000292ED010A9DED2C1A30EE72
:107A3000010A41F6B851C2F2000181ED010A92ED4E
:107A4000020A9DED2C1A30EE410A81ED020A407FB8
:107A5000002840F08B80FFE73B982B900020C4F279
:107A600040002A909DED2B0AB0EEC00AB0EE081A35
:107A7000B4EE410AF1EE10FA03DAFFE700202B9092
:107A8000FFE73A9842F21C71C2F2000108609DEDD6
:107A90003D0ADDED3C0A9DED2B1A00F02DFE41F66E
:107AA0008C10C2F20000139090ED000A41F2CC500D
:107AB000C2F2000002F014FE139890ED010A41F2A8
:107AC0003860C2F2000002F00BFE139890ED020A3B
:107AD00041F69400C2F2000002F0AEF9139890ED66
:107AE000030A41F2A460C2F2000002F0A5F9139863
:107AF00090ED040A41F29C70C2F2000002F09CF981
:107B000041F6B850C2F20000149090ED000A41F620
:107B1000C450C2F2000002F08FF9149890ED010AEF
:107B200042F22C50C2F2000002F086F9149890ED57
:107B3000020A42F22460C2F2000002F07DF941F62E
:107B4000A030C2F20000159090ED000A41F6B0108E
:107B5000C2F2000001F096FF159890ED010A41F67F
:107B6000A820C2F2000001F08DFFDAE11FEDCD1A6E
:107B7000B0EE410AF0EE410A00F0BEFD3A9842F242
:107B80001C71C2F20001086041F25C50C2F20000B8
:107B90000078012840F05E81FFE740F23040C2F2F9
:107BA000000090ED080A1FEDE71A80EE010A9DED36
:107BB000391A20EE010A41F68C10C2F2000090ED55
:107BC000001A1FEDE12A20EE020A30EE010A80EDD4
:107BD000000A90ED000A9DED301AB4EE410AF1EE74
:107BE00010FA07DDFFE7309841F68C11C2F2000170
:107BF0000860FFE741F68C10C2F2000090ED000A29
:107C00009DED301AB1EE411AB4EE410AF1EE10FAD0
:107C10000BDAFFE79DED300AB1EE400A41F68C1019
:107C2000C2F2000080ED000AFFE740F23040C2F2ED
:107C3000000090ED090A9FEDBB1A80EE010A9DED50
:107C4000391A20EE010A41F68C10C2F2000090EDC4
:107C5000011A9FEDB52A20EE020A30EE010A80EDEE
:107C6000010A90ED010A9DED301AB4EE410AF1EEE1
:107C700010FA07DDFFE7309841F68C11C2F20001DF
:107C80004860FFE741F68C10C2F2000090ED010A57
:107C90009DED301AB1EE411AB4EE410AF1EE10FA40
:107CA0000BDAFFE79DED300AB1EE400A41F68C1089
:107CB000C2F2000080ED010AFFE740F23040C2F25C
:107CC000000090ED0A0A9FED971A80EE010A9DEDE3
:107CD000381A20EE010A41F68C10C2F2000090ED35
:107CE000021A9FED912A20EE020A30EE010A80ED81
:107CF000020A90ED020A9DED2F1AB4EE410AF1EE50
:107D000010FA07DDFFE72F9841F68C11C2F200014F
:107D10008860FFE741F68C10C2F2000090ED020A85
:107D20009DED2F1AB1EE411AB4EE410AF1EE10FAB0
:107D30000BDAFFE79DED2F0AB1EE400A41F68C10F9
:107D4000C2F2000080ED020AFFE740F23040C2F2CA
:107D5000000090ED0B0A9FEDE61A80EE010A9DED02
:107D6000371A20EE010A9FEDE61A20EE010A8DED8A
:107D7000290A9DED291A41F68C10C2F2000090EDFF
:107D8000030A30EE010A80ED030A90ED030A9DED2F
:107D90002E1AB4EE410AF1EE10FA07DDFFE72E9835
:107DA00041F68C11C2F20001C860FFE741F68C1069
:107DB000C2F2000090ED030A9DED2E1AB1EE411AB9
:107DC000B4EE410AF1EE10FA0BDAFFE79DED2E0A50
:107DD000B1EE400A41F68C10C2F2000080ED030AB9
:107DE000FFE79DED291A41F68C10C2F2000090EDDC
:107DF000040A30EE410A80ED040A90ED040A9DED7C
:107E00002E1AB4EE410AF1EE10FA07DDFFE72E98C4
:107E100041F68C11C2F200010861FFE741F68C10B7
:107E2000C2F2000090ED040A9DED2E1AB1EE411A47
:107E3000B4EE410AF1EE10FA0BDAFFE79DED2E0ADF
:107E4000B1EE400A41F68C10C2F2000080ED040A47
:107E5000FFE7FFE741F68C10C2F20000109090EDB2
:107E6000000A41F2CC50C2F2000002F039FC109836
:107E700090ED010A41F23860C2F2000002F030FCDD
:107E8000109890ED020A41F69400C2F2000001F051
:107E9000D3FF109890ED030A41F2A460C2F20000F3
:107EA00001F0CAFF109890ED040A41F29C70C2F2F2
:107EB000000001F0C1FF41F6B850C2F2000011907D
:107EC00090ED000A41F6C450C2F2000001F0B4FF88
:107ED000119890ED010A42F22C50C2F2000001F01C
:107EE000ABFF119890ED020A42F22460C2F200004A
:107EF00001F0A2FF41F6A030C2F20000129090ED16
:107F0000000A41F6B010C2F2000001F0BBFD129869
:107F100090ED010A41F6A820C2F2000001F0B2FD86
:107F2000FFE7E2E00000C8426F12833A9FED711A4A
:107F30008DED011AB0EE410AF0EE410A00F0DCFBD3
:107F40009DED010A3A9842F21C71C2F200010860EC
:107F500041F2CC50C2F20000029002F0C3FD9DED50
:107F6000010A029802F0B4FD9DED010A41F2386069
:107F7000C2F20000039002F0B5FD9DED010A0398E6
:107F800002F0A6FD029802F093FB039841F68C11D3
:107F9000C2F20001049181ED000A02F089FB04980D
:107FA00080ED010A41F69400C2F2000001F03CFFAE
:107FB000049880ED020A41F2A460C2F2000001F0D0
:107FC00033FF049880ED030A41F29C70C2F2000076
:107FD00001F02AFF049880ED040A42F29C20C2F2CC
:107FE0000000069001F020FF8DED050A42F294306A
:107FF000C2F20000089001F017FFB0EE401A9DEDAC
:10800000050A30EE410ABEEE001A20EE010A41F2E6
:108010006050C2F20000079080ED000A41F6C450A3
:10802000C2F20000099001F0FFFE41F6B850C2F222
:1080300000000B9080ED000A42F22C50C2F20000CA
:108040000A9001F0F1FE0B9880ED010A42F22460E3
:10805000C2F200000C9001F0E7FE0B9880ED020ADE
:1080600041F6B010C2F200000D9001F003FD41F6A0
:10807000A030C2F200000E9080ED000A41F6A82068
:10808000C2F200000F9001F0F5FC069807990E9AD5
:1080900082ED010A91ED000AB1EE400A01F0CCFE3A
:1080A0000799089891ED000A01F0C6FE09980B990E
:1080B00091ED000A01F0C0FE0A980B9991ED010ABA
:1080C00001F0BAFE0B990C9891ED020A01F0B4FE92
:1080D0000D980E9991ED000A01F0D4FC0E990F98BD
:1080E00091ED010A01F0CEFCFFE73EB080BD00BF7C
:1080F0000000C8420000000000000000DB0FC93F84
:108100006F12833A80B586B041F28051C2F200010D
:10811000059108680130086041F6D430C2F20000D1
:10812000009040F2A832C2F2000240F2FF11029128
:1081300008230393FEF7CCF9039B009840F2B0327A
:10814000C2F200024FF400710191FEF7C1F90199EA
:10815000039B41F6FC30C2F20000049040F2F4327E
:10816000C2F20002FEF7B4F90299039B049840F2B0
:10817000EC32C2F20002FEF7ABF90598006809285C
:1081800007D1FFE741F28051C2F2000100200860F0
:10819000FFE706B080BD000080B582B08DED010A1A
:1081A0009FED041AB0EE410AF0EE410A00F0A4FA85
:1081B00002B080BD0000000080B584B003908DED5A
:1081C000020ACDED010A039800F00100FEF784F8E1
:1081D0000398C0F34000FEF76FF80398C0F38000E7
:1081E000FEF79AF80398C0F3C000FEF785F80398ED
:1081F00000F010010120009080EA111000F04AF90F
:108200000098039901F0200180EA511000F032F942
:108210000098039901F0400180EA911000F0AAF85B
:1082200000989DF80C1080EAD11000F0B3F8009887
:10823000039901F4807180EA112000F0BBF80098E6
:10824000039901F4007180EA512000F0C3F800980E
:10825000039901F4806180EA912000F0CBF8009846
:10826000039901F4006180EAD12000F0D3F800986E
:10827000039901F4805180EA113000F0DBF8009896
:10828000039901F4005180EA513000F0E3F804B0A2
:1082900080BD000080B584B0039002910398FAF786
:1082A000B9F903980168486940F0020048610398F1
:1082B0000168486940F0100048610398006846F280
:1082C0000041C4F20001884216D1FFE7039840F252
:1082D000C031C2F20001086002988862039800234E
:1082E000019319461A46FEF7BBFB019B03980C212C
:1082F0001A46FEF7B5FB1FE00398006846F600013A
:10830000C4F20001884216D1FFE7039840F204410D
:10831000C2F200010860029888620398702100236D
:1083200000931A46FEF79CFB009B03987C211A469B
:10833000FEF796FBFFE7FFE704B080BD82B08DED4E
:10834000010A9DED010AB5EE400AF1EE10FA05DDD5
:10835000FFE79DED010A8DED000A06E09DED010AA3
:10836000B1EE400A8DED000AFFE79DED000A02B074
:108370007047000080B582B08DF807009DF8072097
:1083800041F60000C4F202000221FBF7A1F802B09E
:1083900080BD000080B582B08DF807009DF80720F1
:1083A00041F60000C4F202000421FBF791F802B08C
:1083B00080BD000080B582B08DF807009DF80720D1
:1083C00041F60000C4F202000821FBF781F802B078
:1083D00080BD000080B582B08DF807009DF80720B1
:1083E00041F60000C4F202001021FBF771F802B060
:1083F00080BD000080B582B08DF807009DF8072091
:1084000041F60000C4F202002021FBF761F802B03F
:1084100080BD000080B582B08DF807009DF8072070
:1084200041F60000C4F202004021FBF751F802B00F
:1084300080BD000080B582B08DF807009DF8072050
:1084400041F60000C4F202008021FBF741F802B0BF
:1084500080BD000080B582B08DF807009DF8072030
:1084600041F60000C4F202004FF48071FBF730F8CF
:1084700002B080BD80B582B08DF807009DF807205E
:1084800041F20040C4F202004FF48041FBF720F8B3
:1084900002B080BD80B582B08DF807009DF807203E
:1084A00041F20000C4F202004FF40061FBF710F843
:1084B00002B080BD80B584B003900291ADF8062073
:1084C0000398006841F20001C4F20101884215D10D
:1084D000FFE7039840F2C041C2F200010860029831
:1084E000C1F80802BDF80600A1F804020398B1F82B
:1084F000042201F58271FBF771FED8E00398006851
:1085000044F20041C4F20001884215D1FFE703980C
:1085100040F2CC61C2F2000108600298C1F8080282
:10852000BDF80600A1F804020398B1F8042201F591
:108530008271FBF753FEB9E00398006844F600012E
:10854000C4F20001884215D1FFE7039840F6D80134
:10855000C2F2000108600298C1F80802BDF80600E6
:10856000A1F804020398B1F8042201F58271FBF727
:1085700035FE9AE00398006844F60041C4F2000119
:10858000884215D1FFE7039840F6E421C2F20001CA
:1085900008600298C1F80802BDF80600A1F80402BC
:1085A0000398B1F8042201F58271FBF717FE7BE016
:1085B0000398006845F20001C4F20001884215D119
:1085C000FFE7039840F6F041C2F20001086002980C
:1085D000C1F80802BDF80600A1F804020398B1F83A
:1085E000042201F58271FBF7F9FD5CE00398006855
:1085F00041F20041C4F20101884215D1FFE703981E
:1086000040F6FC61C2F2000108600298C1F808025D
:10861000BDF80600A1F804020398B1F8042201F5A0
:108620008271FBF7DBFD3DE00398006847F600012F
:10863000C4F20001884215D1FFE7039841F2081106
:10864000C2F2000108600298C1F80802BDF80600F5
:10865000A1F804020398B1F8042201F58271FBF736
:10866000BDFD1EE00398006847F60041C4F200011A
:10867000884215D1FFE7039841F21431C2F200019C
:1086800008600298C1F80802BDF80600A1F80402CB
:108690000398B1F8042201F58271FBF79FFDFFE713
:1086A000FFE7FFE7FFE7FFE7FFE7FFE7FFE704B0CC
:1086B00080BD000080B582B08DED010A9DED010AFC
:1086C000B1EE400A9FED031AF0EE410A00F014F8F3
:1086D00002B080BD0000000080B582B08DED010ABF
:1086E000DDED010A9FED031AB0EE410A00F004F837
:1086F00002B080BD0000000080B590B08DED0F0A83
:10870000CDED0E0A8DED0D1A4DF20A70C3F6234021
:108710000C909DED0F0AB0EEC00A9FEDDB1AB4EE8F
:10872000410AF1EE10FA1BDAFFE79DED0E0AB0EEFA
:10873000C00A9FEDD51AB4EE410AF1EE10FA0FDA35
:10874000FFE79DED0D0AB0EEC00A9FEDCF1AB4EE23
:10875000410AF1EE10FA03DAFFE700F051FC90E174
:108760004CF28F20C3F675500B909DED0F0AB0EEC2
:10877000C00A9FEDC51AB4EE410AF1EE10FA05DA0F
:10878000FFE79FEDC20A8DED040A16E09DED0B0A8E
:108790009DED0F2AB7EE001A31EE401A42F2287012
:1087A000C2F2000090ED003A21EE031A20EE020A18
:1087B00030EE010A8DED040AFFE79DED040A42F256
:1087C0002870C2F2000080ED000A9DED0E0AB0EEA6
:1087D000C00A9FEDAD1AB4EE410AF1EE10FA05DAC7
:1087E000FFE79FEDAA0A8DED030A16E09DED0B0A47
:1087F0009DED0E2AB7EE001A31EE401A42F22C70AF
:10880000C2F2000090ED003A21EE031A20EE020AB7
:1088100030EE010A8DED030AFFE79DED030A42F2F7
:108820002C70C2F2000080ED000A9DED0D0AB0EE42
:10883000C00A9FED951AB4EE410AF1EE10FA05DA7E
:10884000FFE79FED920A8DED020A16E09DED0B0AFF
:108850009DED0D2AB7EE001A31EE401A42F230704B
:10886000C2F2000090ED003A21EE031A20EE020A57
:1088700030EE010A8DED020AFFE79DED020A42F299
:108880003070C2F2000080ED000A4FF07A510A9178
:1088900042F22872C2F2000292ED001A42F22C71EA
:1088A000C2F2000191ED000A30EE411A90ED000A8B
:1088B0009DED0A2A20EE020A30EE010A8DED090A2A
:1088C00092ED000A91ED001A30EE011A90ED000AC7
:1088D0009DED0A2A20EE020A30EE010A8DED080A0B
:1088E00092ED000AB1EE400A91ED001A30EE411A05
:1088F00090ED000A9DED0A2A20EE020A30EE010AF0
:108900008DED070A92ED000A91ED001A30EE411A42
:1089100090ED000A9DED0A2A20EE020A30EE010ACF
:108920008DED060A9DED090AB0EEC00A9DED081A0C
:10893000B0EEC11AB4EE410AF1EE10FAC8BFB0EEC3
:10894000401A9DED070AB0EEC02A9DED060AB0EE72
:10895000C00AB4EE402AF1EE10FAC8BFB0EE420AE7
:10896000B4EE401AF1EE10FAC8BFB0EE410A8DED38
:10897000050A9DED050AB3EE091AB4EE410AF1EEBF
:1089800010FA2BDDFFE79DED090A9DED051A80EE3B
:10899000010AB3EE091A20EE010A8DED090A9DEDD8
:1089A000080A9DED052A80EE020A20EE010A8DEDEF
:1089B000080A9DED070A9DED052A80EE020A20EEC9
:1089C000010A8DED070A9DED060A9DED052A80EE50
:1089D000020A20EE010A8DED060AFFE79DED090A65
:1089E00041F6A010C2F20000019090ED001A9FED38
:1089F000282A20EE020A30EE010A80ED000A9DEDE1
:108A0000080A90ED031A20EE020A30EE010A80ED0A
:108A1000030A9DED070A90ED011A20EE020A30EEDE
:108A2000010A80ED010A9DED060A90ED021A20EE82
:108A3000020A30EE010A80ED020A90ED000A41F6CA
:108A4000BC60C2F2000001F0F7F9019890ED030A52
:108A500042F2A410C2F2000001F0EEF9019890ED8C
:108A6000010A41F6B470C2F2000001F0E5F9019884
:108A700090ED020A42F2AC00C2F2000001F0DCF913
:108A8000FFE710B080BD00BF0AD7233C0000000004
:108A90006F12033B80B582B08DED010A9DED011A86
:108AA000DFED030AB0EE600AFFF726FE02B080BDDC
:108AB0000000000081B0ADF80000BDF80000C00863
:108AC0004A2804D8FFE700208DF803000DE0BDF828
:108AD0000000C008AE2804D8FFE701208DF803008D
:108AE00003E002208DF80300FFE79DF8030001B0CA
:108AF0007047000080B582B04FF4165000F03EF889
:108B00001420FAF785F94DF28820C0F6000000F035
:108B100055F902200190FAF77BF90198082100F03D
:108B200029F90198FAF774F90320092100F022F9D4
:108B30000198FAF76DF94DF28320C0F6000000F0BD
:108B40003DF93220FAF764F942F29841C2F200018D
:108B50000020086002B080BD80B582B0FAF7D6FC74
:108B60000090FAF7D9FC0146009848400190FAF7C6
:108B7000D9FC01460198484002B080BD80B582B062
:108B8000019041F61450C2F200000090FBF780FC07
:108B9000009801994160019940F23832C2F2000216
:108BA0001160FBF70BFF18B1FFE7F8F73DFEFFE799
:108BB00000F0F6F902B080BD80B541F65C50C2F21B
:108BC000000041F6AC51C2F200010122FCF740F96D
:108BD00070B1FFE700F000F941F65C50C2F200000E
:108BE00041F6AC51C2F200010122FCF731F9FFE776
:108BF00080BD000080B584B00390ADF80A100192EA
:108C0000039840B1FFE7BDF80A0020B1FFE70198E3
:108C1000002801DCFFE715E00198BDF80A10884242
:108C200005DBFFE7BDF80A0001380190FFE7039973
:108C3000BDF8042041F6CC40C2F200003223FCF71C
:108C400065FBFFE704B080BD80B541F61450C2F269
:108C5000000041F6D031C2F200010122FCF7F8F821
:108C600070B1FFE700F09CF941F61450C2F2000029
:108C700041F6D031C2F200010122FCF7E9F8FFE72A
:108C800080BD000088B0ADF81E00ADF81C10ADF836
:108C90001A20ADF818308DED050ABDF81800BDF8A2
:108CA0001A10401A00EE100AB8EEC00A8DED040A40
:108CB000BDF81A00BDF81C10401A00EE100AB8EEFC
:108CC000C00A8DED030A00200290BDF81E00BDF819
:108CD0001A10884223DBFFE7BDF81E00BDF818100C
:108CE000884203DBFFE70598029017E0BDF81E00FD
:108CF000BDF81A10401A00EE100AB8EEC00A9DED39
:108D0000041A80EE010A8DED010A9DED010A9DED28
:108D1000051A20EE010A8DED020AFFE726E0BDF8F4
:108D20001E00BDF81C10884207DCFFE79DED050A18
:108D3000B1EE400A8DED020A17E0BDF81E00BDF845
:108D40001A10401A00EE100AB8EEC00A9DED031A80
:108D500080EE010A8DED000A9DED000A9DED051AD9
:108D600020EE010A8DED020AFFE7FFE79DED020A02
:108D700008B0704780B584B08DF80F00ADF80C10C6
:108D8000FF208DF80700AA208DF808009DF80F003D
:108D90008DF80900BDF80C008DF80A009DF80D0053
:108DA0008DF80B0041F61450C2F200000DF10701DE
:108DB00005226423FCF7AAFA04B080BD80B582B016
:108DC0000190019941F61450C2F20000052264237B
:108DD000FCF79CFA02B080BD81B041F65C51C2F252
:108DE00000010A68D06820F02000D0600A68D068CE
:108DF00020F48070D0600A68506920F00100506152
:108E0000086800680090086840680090009841F287
:108E10002052C2F20002002010704864202081F825
:108E20004200FFE741F65C51C2F20001002081F8E8
:108E30004000FFE701B0704780B582B041F6844141
:108E4000C2F200010A68D06820F02000D0600A68F1
:108E5000D06820F48070D0600A68506920F001006A
:108E600050610868006801900868406801900198A6
:108E700000204864202081F84200FFE741F6844149
:108E8000C2F20001002081F84000FFE740F24430C8
:108E9000C2F200000122027042F2BC41C2F20001A3
:108EA0000020087042F2B641C2F20001087041F69B
:108EB0008440C2F2000042F29C41C2F20001FBF782
:108EC000C7FF02B080BD000087B08DED050A9DEDA3
:108ED000050A9FED2F1AB4EE410AF1EE10FA05DDF6
:108EE000FFE70020C4F2C8200590FFE79DED050ACA
:108EF0009FED281AB4EE410AF1EE10FA05DAFFE709
:108F00000020CCF2C8200590FFE79DED050A9FEDFB
:108F1000201A80EE010A8DED040A049806909DED5A
:108F2000060AB0EEC00A8DED030A46F26660C3F68B
:108F3000267002909DED030A9FED171A20EE011A8C
:108F400021EE001A21EE001A9FED142A20EE020AEB
:108F500030EE010A8DED010A9DED040AB5EE400ADE
:108F6000F1EE10FA05DBFFE79DED010A8DED000A39
:108F700006E09DED010AB1EE400A8DED000AFFE723
:108F80009DED000A9FED021A20EE010A07B070471E
:108F90000000C8420000C8C26666263F3433B33EB4
:108FA00081B041F61451C2F200010A68D06820F085
:108FB0002000D0600A68D06820F48070D0600A6811
:108FC000506920F00100506108680068009008684E
:108FD00040680090009841F6C032C2F200020020C2
:108FE00010704864202081F84200FFE741F61451D8
:108FF000C2F20001002081F84000FFE701B0704795
:1090000080B586B042F22871C2F2000100200860EB
:1090100042F22C71C2F20001086042F23071C2F2D9
:109020000001086041F6BC60C2F20000019000F04F
:10903000FBFE41F6A010C2F20000049080ED000A91
:1090400041F6B470C2F20000029000F0EDFE049808
:1090500080ED010A42F2AC00C2F20000039000F081
:10906000E3FE049880ED020A42F2A410C2F200006E
:10907000059000F0D9FE0198049981ED030A91ED65
:10908000000A00F0D9FE0298049991ED010A00F05F
:10909000D3FE0398049991ED020A00F0CDFE0499E5
:1090A000059891ED030A00F0C7FE06B080BD0000F0
:1090B00080B582B04FF49560ADF8060000208DF8C1
:1090C000050040F26C40C2F2000090F8520070B10E
:1090D000FFE740F26C40C2F20000B0F84000B0F58B
:1090E000956F04DDFFE701208DF80500FFE79DF88F
:1090F000052040F60040C4F202004FF40051FAF798
:10910000E7F902B080BD000080B592B00020CBF638
:10911000807011904FF07E50109040F6DB70C4F2DA
:1091200049100F904CF6E430C4F216100E904AF637
:10913000FD50C3F600700D9040F6C4100C9041F243
:1091400088300B904FF47A700A9040F26C40C2F273
:10915000000090F8520058B9FFE740F60040C4F212
:1091600002004FF480410022FAF7B2F900F0FBBB95
:1091700040F23040C2F20000808EFFF79BFC8DF879
:109180002700FAF7BDF9089041F2C450C2F200007E
:109190000078002861D1FFE741F6B010C2F200006C
:1091A00000F068FC41F2C050C2F2000080ED000AFD
:1091B00090ED000A9FEDDF1A30EE010A41F2BC503B
:1091C000C2F20000079080ED000A41F6A820C2F22A
:1091D000000000F04FFC079941F2B050C2F20000CD
:1091E00080ED000A90ED000A9FEDD31A30EE010ADF
:1091F00041F2B452C2F2000282ED000A0A6841F65E
:10920000A031C2F200010A600068486041F2A45037
:10921000C2F200000022027041F2C550C2F200000A
:1092200002709DF8270041F2AC51C2F200010870B3
:10923000089841F2A851C2F20001086041F2C451FD
:10924000C2F200010120087040F60040C4F20200A2
:109250004FF48041FAF73CF9FFE79DF82700022818
:1092600055D1FFE741F2C550C2F200000078022854
:109270004DD0FFE741F2C550C2F20000007803284C
:1092800045D0FFE741F2C550C2F200000078042843
:109290003DD0FFE741F2A450C2F20000007802285E
:1092A00018D1FFE741F6A820C2F2000000F0E2FB6F
:1092B00041F2B450C2F2000090ED001A30EE410AC3
:1092C000B0EEC00A9FED9D1AB4EE410AF1EE10FA1D
:1092D0001DDBFFE740F60040C4F202004FF480417E
:1092E00001220692FAF7F4F8069841F2A451C2F26C
:1092F0000001087041F2C551C2F20001022008705D
:10930000089841F2A851C2F200010860FFE79DF8F9
:10931000270041F2AC51C2F200010978884249D0DD
:10932000FFE79DF8270041F2AC51C2F2000108703E
:109330009DF8270002283CD0FFE741F2A450C2F27A
:1093400000000078022808D0FFE741F2C550C2F2C1
:109350000000007804280DD1FFE741F2C551C2F2A8
:10936000000105200870089841F2A851C2F20001DE
:1093700008601DE041F2C550C2F2000000780228EA
:1093800008D0FFE741F2C550C2F200000078032880
:109390000DD1FFE741F2C551C2F20001062008706D
:1093A000089841F2A851C2F200010860FFE7FFE708
:1093B000FFE7FFE741F2C550C2F200000078014626
:1093C0000591062800F2C2820599DFE811F0070036
:1093D0006D005701A601D901280271029DF82700EE
:1093E00000220028C8BF012240F60040C4F202005B
:1093F0004FF48041FAF76CF841F2BC50C2F2000021
:109400000490006841F6A031C2F20001086041F208
:10941000B050C2F200000068486041F6B010C2F2DD
:10942000000000F027FB049890ED001A30EE410A8E
:10943000B0EEC00A9FED411AB4EE410AF1EE10FA07
:109440000CDBFFE7089841F2A851C2F2000109685D
:10945000401A40F6C411884225D3FFE79DF8271033
:1094600000200029C8BF012041F2A451C2F200012E
:1094700008709DF82700022807D1FFE741F2C55187
:10948000C2F200010220087006E041F2C551C2F2AA
:10949000000101200870FFE7089841F2A851C2F2CC
:1094A00000010860FFE75EE241F2A450C2F2000052
:1094B0000078002844D1FFE741F2BC50C2F200001E
:1094C000006841F6A031C2F20001086041F2B050DC
:1094D000C2F20000006848609DF8270000220028C2
:1094E000C8BF012240F60040C4F202004FF48041A0
:1094F000F9F7EEFF9DF82700012819DBFFE741F29D
:10950000A451C2F20001012008709DF82700022832
:109510000DD1FFE741F2C551C2F2000102200870EF
:10952000089841F2A851C2F200010860FFE7FFE786
:10953000A3E000BFDB0F49C1E4CB1641FDAD003F06
:1095400041F2A450C2F20000007801283CD1FFE7AC
:1095500041F2BC50C2F20000006841F6A031C2F2F4
:109560000001086041F2B050C2F20000006848609B
:109570009DF82720002A18BF012240F60040C4F2BF
:1095800002004FF48041F9F7A3FF9DF8270038B996
:10959000FFE741F2A451C2F200010020087012E07E
:1095A0009DF8270002280DD1FFE741F2C551C2F214
:1095B000000102200870089841F2A851C2F200018F
:1095C0000860FFE7FFE757E041F2C050C2F2000039
:1095D000006841F6A031C2F20001086041F2B450C7
:1095E000C2F200000068486040F60040C4F2020089
:1095F0004FF480410122F9F76BFF9DF82700022804
:109600000DD0FFE741F2C551C2F2000105200870FC
:10961000089841F2A851C2F2000108602BE041F61F
:10962000A820C2F2000000F025FA41F2B450C2F2C4
:10963000000090ED001A30EE410AB0EEC00A9FED36
:10964000CB1AB4EE410AF1EE10FA13DBFFE741F258
:10965000A451C2F200010120087041F2C551C2F2CA
:10966000000102200870089841F2A851C2F20001DE
:109670000860FFE7FFE7FFE7FFE774E140F600401F
:10968000C4F202004FF480410122F9F721FF41F2B8
:10969000BC50C2F20000006841F6A031C2F20001E5
:1096A000086041F2B450C2F20000039000684860C4
:1096B00041F6A820C2F2000000F0DCF9039890ED1A
:1096C000001A30EE410AB0EEC00A9FEDA81AB4EEBF
:1096D000410AF1EE10FA0CDBFFE7089841F2A851BD
:1096E000C2F200010968401A41F28831884213D35E
:1096F000FFE7089841F2B851C2F20001086041F258
:10970000C551C2F2000103200870089841F2A85127
:10971000C2F200010860FFE725E140F60040C4F214
:1097200002004FF480410122F9F7D2FE41F2BC5011
:10973000C2F20000006841F6A031C2F200010860E8
:1097400041F2B450C2F2000000684860F9F7D8FE58
:1097500041F2B851C2F200010968401AB0F57A7FAF
:109760000DD3FFE741F2C551C2F200010420087099
:10977000089841F2A851C2F200010860FFE7F2E048
:1097800040F60040C4F202004FF480410122F9F794
:109790009FFE41F2C050C2F200000290006841F604
:1097A000A031C2F20001086041F2B450C2F20000E0
:1097B0000068486041F6B010C2F2000000F05AF9AB
:1097C000029890ED001A30EE410AB0EEC00A9FED0B
:1097D000671AB4EE410AF1EE10FA0CDBFFE70898C5
:1097E00041F2A851C2F200010968401A40F6C411C2
:1097F000884213D3FFE741F2A451C2F200010220D4
:10980000087041F2C551C2F20001012008700898A9
:1098100041F2A851C2F200010860FFE7A3E040F660
:109820000040C4F202004FF480410122F9F750FEDB
:1098300041F2BC50C2F200000190006841F6A03134
:10984000C2F20001086041F2B450C2F200000068A8
:10985000486041F6B010C2F2000000F00BF9019828
:1098600090ED001A30EE410AB0EEC00A9FED3F1AAB
:10987000B4EE410AF1EE10FA0CDBFFE7089841F272
:10988000A851C2F200010968401A40F6C41188428A
:109890000DD3FFE741F2C551C2F200010620087066
:1098A000089841F2A851C2F200010860FFE75AE0AF
:1098B00040F60040C4F202004FF480410122F9F763
:1098C00007FE41F2BC50C2F20000006841F6A03130
:1098D000C2F20001086041F2B050C2F200000090F4
:1098E0000068486041F6A820C2F2000000F0C2F80B
:1098F000009890ED001A30EE410AB0EEC00A9FEDDC
:109900001B1AB4EE410AF1EE10FA0CDBFFE70898DF
:1099100041F2A851C2F200010968401A41F28831AF
:10992000884212D3FFE741F2A451C2F200010120A4
:10993000087041F2C551C2F200010870089841F266
:10994000A851C2F200010860FFE70CE041F2C551E6
:10995000C2F2000101200870089841F2A851C2F239
:1099600000010860FFE712B080BD00BFFDAD003F01
:1099700080B584B04FF49560ADF80E004FF47A7066
:10998000029040F26C40C2F2000090F8520050B1D8
:10999000FFE740F26C40C2F20000B0F84200B0F5C0
:1099A000956F1EDCFFE741F2C650C2F200000022B4
:1099B0000192027041F2C850C2F20000026040F60B
:1099C0000040C4F202004FF40041F9F781FD019A12
:1099D00041F60040C4F202004FF48061F9F778FDCF
:1099E00046E041F2C650C2F200000078B8B9FFE785
:1099F00041F2C651C2F2000101200870F9F780FD62
:109A000041F2C851C2F20001086041F60040C4F2C0
:109A100002004FF480610022F9F75AFDFFE740F69B
:109A20000040C4F202004FF400410122F9F750FD5A
:109A3000F9F766FD41F2C851C2F200010968401A07
:109A4000B0F57A7F0AD3FFE741F60040C4F2020086
:109A50004FF480610122F9F73BFD09E041F6004037
:109A6000C4F202004FF480610022F9F731FDFFE7F4
:109A700004B080BD81B00090009890ED360A01B02E
:109A80007047000082B001908DED000A01990098A6
:109A9000C1F8E80002B0704784B0039002910399C6
:109AA0000091D1F8B8000130C1F8B800B1F8C00099
:109AB000A1F8C80002980278407840EA0220A1F894
:109AC000C00002988278C07840EA0220A1F8C20063
:109AD00002980279407940EA0220A1F8C400029875
:109AE0008079A1F8C600B1F8C000B1F8C810401ADA
:109AF000ADF80600BDF9060010F5805F07DAFFE754
:109B00000099D1F8D0000130C1F8D0000DE0BDF9C6
:109B10000600B0F5805F07DDFFE70099D1F8D000BF
:109B20000138C1F8D000FFE7FFE70099D1F8D00075
:109B3000B1F8B420B1F8C03000FB0230C1F8CC005D
:109B400091ED2B1A91ED330AB8EEC00AB1F8B400CA
:109B500002EE100AB8EE422A80EE020A30EE000A47
:109B60009FED122A20EE020A80EE010A81ED360AEC
:109B7000B1F9C20000EE100AB8EEC00A9FED0C1A4F
:109B800020EE010A91ED2B1A80EE010A81ED370AD1
:109B9000B1F9C40000EE100AB8EEC00A81ED380A2F
:109BA00091F8C60081F8E40004B07047DB0F49402B
:109BB0005077D63D80B586B005900598039090F813
:109BC000E5000146049103286AD80499DFE801F012
:109BD0000214263E039890ED2C1A90ED3C0A80EE7C
:109BE000010AB0F8B61001EE101AB8EEC11A20EE54
:109BF000010A00F0C5F859E0039890ED2C1A90ED99
:109C00003C0A80EE010AB0F8B61001EE101AB8EE68
:109C1000C11A20EE010A00F0B3F847E0039901F100
:109C20005000029091ED3B0A00F078FF02980399F2
:109C300091ED370A01F022F9029800F079FF0298BD
:109C400001F0F6F8039800F09BF82FE0039890EDF0
:109C50003A0A00F063FF039890ED360A01F00EF91E
:109C6000039800F065FF039801F0E2F8039981ED95
:109C70003B0A01F15000019091ED3B0A00F04EFFCC
:109C80000198039991ED370A01F0F8F8019800F076
:109C90004FFF019801F0CCF8039800F071F805E04F
:109CA00003989FED050A00F06BF8FFE7039800F0BA
:109CB0004FF806B080BD00BF0000000080B586B040
:109CC000059004918DF80F208DF80E308DED020A6D
:109CD000CDED010A059800900498006846F2004115
:109CE000C4F20001884208D1FFE7009940F2C03079
:109CF000C2F20000C1F8A00011E00498006846F626
:109D00000001C4F20001884208D1FFE7009940F247
:109D10000440C2F20000C1F8A000FFE7FFE700998D
:109D20009DF80F0081F8A4009DF80E0081F8E50071
:109D30000298C1F8AC000198C1F8B00004989DF8F1
:109D40000F10FCF7FDFC0099C1F8A80006B080BD1B
:109D500081B00090009991ED3D0ABDEEC00A10EE71
:109D6000100A000AD1F8A820107091ED3D0ABDEE4E
:109D7000C00A10EE100AD1F8A810487001B0704760
:109D800082B001908DED000A01990098C1F8F400AD
:109D900002B0704780B582B001900198009001F048
:109DA00077F80098503001F073F800980021C4F261
:109DB0001021C0F8AC1044F20001C4F21C61C0F8DC
:109DC000B0104FF40051A0F8B41042F21071A0F896
:109DD000B6100021C0F8B810C0F8BC10A0F8C01030
:109DE000A0F8C210A0F8C410A0F8C610A0F8C810BF
:109DF000C0F8CC10C0F8D01080F8D410C0F8D8103B
:109E0000C0F8DC10C0F8E01080F8E410032280F8FD
:109E1000E520C0F8E810C0F8EC10C0F8F010C0F869
:109E2000F41002B080BD000081B00090009890ED69
:109E3000360A01B07047000082B001908DED000A33
:109E400001990098C1F8E80002B0704784B003900F
:109E5000029103990091D1F8B8000130C1F8B8001F
:109E6000B1F8C000A1F8C80002980278407840EA32
:109E70000220A1F8C00002988278C07840EA02204F
:109E8000A1F8C20002980279407940EA0220A1F8C4
:109E9000C40002988079A1F8C600B1F8C000B1F8FA
:109EA000C810401AADF80600BDF9060010F5805F35
:109EB00007DAFFE70099D1F8D0000130C1F8D000EF
:109EC0000DE0BDF90600B0F5805F07DDFFE7009902
:109ED000D1F8D0000138C1F8D000FFE7FFE70099C2
:109EE000D1F8D000B1F8B420B1F8C03000FB023096
:109EF000C1F8CC0091ED2B1A91ED330AB8EEC00AEF
:109F0000B1F8B40002EE100AB8EE422A80EE020A5E
:109F100030EE000A9FED122A20EE020A80EE010ABE
:109F200081ED360AB1F9C20000EE100AB8EEC00A9F
:109F30009FED0C1A20EE010A91ED2B1A80EE010A1A
:109F400081ED370AB1F9C40000EE100AB8EEC00A7C
:109F500081ED380A91F8C60081F8E40004B070473A
:109F6000DB0F49405077D63D80B586B00590059807
:109F7000039090F8E5000146049103286AD80499FB
:109F8000DFE801F00214263E039890ED2C1A90EDC4
:109F90003C0A80EE010AB0F8B61001EE101AB8EED5
:109FA000C11A20EE010A00F0C5F859E0039890EDBF
:109FB0002C1A90ED3C0A80EE010AB0F8B61001EEC2
:109FC000101AB8EEC11A20EE010A00F0B3F847E00B
:109FD000039901F15000029091ED3B0A00F09EFDC3
:109FE0000298039991ED370A00F048FF029800F0BB
:109FF0009FFD029800F01CFF039800F09BF82FE0F3
:10A00000039890ED3A0A00F089FD039890ED360A26
:10A0100000F034FF039800F08BFD039800F008FF78
:10A02000039981ED3B0A01F15000019091ED3B0A4B
:10A0300000F074FD0198039991ED370A00F01EFFBE
:10A04000019800F075FD019800F0F2FE039800F011
:10A0500071F805E003989FED050A00F06BF8FFE743
:10A06000039800F04FF806B080BD00BF000000006C
:10A0700080B586B0059004918DF80F208DF80E30D4
:10A080008DED020ACDED010A059800900498006854
:10A0900046F20041C4F20001884208D1FFE700996E
:10A0A00040F2C030C2F20000C1F8A00011E00498F4
:10A0B000006846F60001C4F20001884208D1FFE7BB
:10A0C000009940F20440C2F20000C1F8A000FFE78E
:10A0D000FFE700999DF80F0081F8A4009DF80E009D
:10A0E00081F8E5000298C1F8AC000198C1F8B00011
:10A0F00004989DF80F10FCF723FB0099C1F8A80005
:10A1000006B080BD81B00090009991ED3D0ABDEE92
:10A11000C00A10EE100A000AD1F8A820107091EDC4
:10A120003D0ABDEEC00A10EE100AD1F8A810487022
:10A1300001B0704782B001908DED000A019900983E
:10A14000C1F8F40002B0704780B582B00190019868
:10A15000009000F09DFE0098503000F099FE0098AD
:10A160004AF22C01C4F29911C0F8AC104FF08D41A5
:10A17000C0F8B0104FF40051A0F8B4104FF4804173
:10A18000A0F8B6100021C0F8B810C0F8BC10A0F8B4
:10A19000C010A0F8C210A0F8C410A0F8C610A0F813
:10A1A000C810C0F8CC10C0F8D01080F8D410C0F897
:10A1B000D810C0F8DC10C0F8E01080F8E4100322DA
:10A1C00080F8E520C0F8E810C0F8EC10C0F8F010F6
:10A1D000C0F8F41002B080BD81B00090009890F9F2
:10A1E000410001B07047000080B582B00190019835
:10A1F000406C02F08FFE41EC100B02B080BD0000FD
:10A2000080B59EB01C901C98009000200290FFE743
:10A21000009800680299084490F804013D280DD088
:10A22000FFE700980068029A104490F8040103A91F
:10A230008854FFE7029801300290E9E7029A03A9E7
:10A24000002088540190FFE700990198097988421D
:10A2500019DAFFE7009882680198642100FB012168
:10A2600003A8F6F73DF948B9FFE70099019881F88E
:10A270004100029801308DF877000DE0FFE701986A
:10A2800001300190E0E70099FF2081F84100029839
:10A2900001308DF87700FFE79DF877001EB080BD94
:10A2A00080B584B00390029103980090FFF7A8FF57
:10A2B000014600980191019900F002F804B080BDB8
:10A2C00080B58AB007900691079802900021059109
:10A2D00001220492416490F94100013008B9FFE77E
:10A2E00083E0029800680699084490F804012D283C
:10A2F00007D1FFE74FF0FF30049006980130069039
:10A30000FFE706980390FFE7029800680399084466
:10A3100090F804110020232901900BD0FFE7029848
:10A3200000680399084490F80401002818BF012030
:10A330000190FFE70198C00738B3FFE70298006873
:10A340000399084490F804012E2803D1FFE70398ED
:10A35000059015E0029890ED110A0168039A1144E6
:10A3600091F80411303901EE101AB8EEC11AB2EEAC
:10A37000042A20EE020A30EE010A80ED110AFFE7FE
:10A38000FFE7039801300390BEE7059808B3FFE7A5
:10A3900003980599401A00EE100AB8EEC00ABFEE05
:10A3A000001A30EE010A0020C4F2201009908DED51
:10A3B000080A9DED090ADDED080A02F099F90298F4
:10A3C000B0EE401A90ED110A80EE010A80ED110AFC
:10A3D000FFE702989DED040AB8EEC01A90ED110A4D
:10A3E00020EE010A80ED110AFFE70AB080BD0000EF
:10A3F00010B586B08C46864609980899CDF814E0C9
:10A40000CDF810C08DF80F2002938DF807108DF84D
:10A410000600059800900498006841F20001C4F21B
:10A420000101884207D1FFE7009940F2C040C2F223
:10A430000000086076E00498006844F20041C4F22D
:10A440000001884207D1FFE7009940F2CC60C2F2D8
:10A450000000086065E00498006844F60001C4F25A
:10A460000001884207D1FFE7009940F6D800C2F208
:10A470000000086054E00498006844F60041C4F20B
:10A480000001884207D1FFE7009940F6E420C2F2BC
:10A490000000086043E00498006845F20001C4F23F
:10A4A0000001884207D1FFE7009940F6F040C2F270
:10A4B0000000086032E00498006841F20041C4F2F4
:10A4C0000101884207D1FFE7009940F6FC60C2F223
:10A4D0000000086021E00498006847F60001C4F21B
:10A4E0000001884207D1FFE7009941F20810C2F24B
:10A4F0000000086010E00498006847F60041C4F2CC
:10A500000001884207D1FFE7009941F21430C2F2FE
:10A5100000000860FFE7FFE7FFE7FFE7FFE7FFE76F
:10A52000FFE7FFE700999DF80F0008710298886027
:10A530009DF8070008739DF8060048739DF8060013
:10A540000968087106B010BD81B000900098002124
:10A5500080F8401080F84110416401B0704700005D
:10A5600080B58AB009900999049108682030059057
:10A570000598007800F00F00C98801F00F018842AB
:10A5800001D0FFE78CE0059801300DF11E01FCF7CA
:10A59000A1FA0499059AD0781279000140EA1210C4
:10A5A000ADF81C0005980279407902F00F0240EAEC
:10A5B0000220ADF81A0005980078000981F82C00F7
:10A5C000BDF81E00496C401A0890089810F5004F1D
:10A5D00005DAFFE70499C86C0130C8640AE00898FE
:10A5E000B0F5004F05DDFFE70499C86C0138C86479
:10A5F000FFE7FFE70499CA6CBDF81E0040EA02407D
:10A6000047F6FF72801A886491ED021A91ED120AE2
:10A61000B8EEC00A9FED232A80EE020A20EE010A5E
:10A6200030EE000A81ED0C0ABDF81C00D1ED030AE2
:10A6300040F2FF71019140F6FF7202929FED1A0AFB
:10A640008DED030AFCF77AF90199029A049BB0EEAA
:10A65000401A9DED030A83ED0D1ABDF81A00D3EDE3
:10A66000040AFCF76BF9049981ED0E0A05988079CC
:10A6700000EE100AB8EEC00A9FED0C1A30EE010A87
:10A6800081ED0F0A0598C07900EE100AB8EEC00AF5
:10A6900030EE010A81ED100ABDF81E004864FFE7A4
:10A6A0000AB080BD00FF7F4700000000339388435D
:10A6B00081B00090009890ED0C0A01B07047000046
:10A6C00080B582B00190019908680068C98840F29D
:10A6D0000802C2F200020823FBF7FAFE02B080BDB6
:10A6E00082B001908DED000A01990098486502B092
:10A6F0007047000080B582B0019000910198816997
:10A7000001318161FFF72CFF02B080BD80B582B0BE
:10A710000190019908680068C98840F20002C2F2FD
:10A7200000020823FBF7D4FE02B080BD80B584B0E0
:10A7300003900398029090F82C0001283AD1FFE78B
:10A74000029901F15400D1ED020AB1EE600AFBF763
:10A75000BBFF029901F15800D1ED030AB1EE600A86
:10A76000FBF7B2FF029901F15C00D1ED040AB1EEF2
:10A77000600AFBF7A9FF029901F16000D1ED050A1B
:10A78000B1EE600AFBF7A0FF029864309FED110A5A
:10A790008DED010ADFED100AFBF796FF02989DEDA3
:10A7A000010A6830F1EE040AFBF78EFF029800F010
:10A7B000A7F80DE0029890F82C0020B9FFE7029866
:10A7C000FFF77EFF03E00298FFF7A0FFFFE7FFE738
:10A7D00004B080BD000000000000FA4380B582B0E4
:10A7E0000190019900918869C969884205D1FFE704
:10A7F0000099002081F8280004E00099012081F8E8
:10A800002800FFE700988169C16190F8280020B90D
:10A81000FFE70098FFF754FFFFE702B080BD00009C
:10A8200080B589B084460B98CDF820C007918DF88B
:10A830001B208DF81A308DF819008DED050ACDED2D
:10A84000040A8DED031ACDED021A089801900798BD
:10A85000006846F20041C4F20001884207D1FFE7D8
:10A86000019940F2C030C2F20000086010E0079881
:10A87000006846F60001C4F20001884207D1FFE7F4
:10A88000019940F20440C2F200000860FFE7FFE7D0
:10A8900001999DF81B0088809DF8190001460091E0
:10A8A00003281ED80099DFE801F002070E15019970
:10A8B0009DF81A00C88014E001999DF81A0000F56F
:10A8C0008070C8800DE001999DF81A0000F50070B5
:10A8D000C88006E001999DF81A0000F54070C88014
:10A8E000FFE701999DF8190081F8500005988860EC
:10A8F0000498C860039808610298486109B080BD57
:10A9000080B590B00F900F98069090F850000146D7
:10A910000791032800F2D2800799DFE801F0028650
:10A9200097A5069800F1200105910E9190ED021A6D
:10A9300090ED150ADFED640ACDED020A47F6FF70CF
:10A940004FF6FF71FBF7CAFFDDED020A01460698DC
:10A95000ADF8361090ED031A90ED160A40F2FF7034
:10A96000019040F6FF710391FBF7B8FFDDED020A9D
:10A970000399069A03460198ADF8343092ED041A13
:10A9800092ED170AFBF7AAFFDDED020A03990246D2
:10A990000698ADF8322090ED190A9FED4C1A002070
:10A9A0000490FBF79BFFDDED020A0399069A03462C
:10A9B0000498ADF8303092ED1A0AB1EE041AFBF7A4
:10A9C0008DFF0499ADF82E000DF13600FCF782F8EA
:10A9D0000699059A0E9B1880BDF8340000090E9B5D
:10A9E0009870BDF834309DF8310040EA03100E9B9A
:10A9F000D870BDF830000E9B1871BDF82E0000090C
:10AA00000E9B5871BDF82E309DF8330040EA0310BC
:10AA10000E9B9871BDF832000E9BD87108680068D3
:10AA2000C9880823FBF754FD48E0069901F120028C
:10AA30000A92486D0A9B1860886D0A9B58600868E6
:10AA40000068C9880823FBF743FD37E0069901F148
:10AA500020020992886D099B186008680068C988FF
:10AA60000423FBF735FD29E0069901F12002089245
:10AA7000486D089B186091ED160A9FED111A20EEA3
:10AA8000010ABDEEC00A10EE100A089B988091EDF5
:10AA9000051A91ED180A80EE010A9FED0A1A20EEC0
:10AAA000010ABDEEC00A10EE100A089BD8800868A3
:10AAB0000068C9880823FBF70BFDFFE710B080BDD5
:10AAC0000000C84200401C46000000000000FA439D
:10AAD00082B001908DED000A01990098886602B05D
:10AAE0007047000082B001908DED000A0199009836
:10AAF000486602B07047000081B0009000980021C5
:10AB00008161C16180F8281080F85010416581652D
:10AB1000C16501664166816601B0704782B00190EF
:10AB20008DED000A01990098486402B0704700005A
:10AB300080B58AB009900998019000210891079189
:10AB40000691059190ED110A90ED121A30EE410A2E
:10AB50008DED040A9DED040AFDF7F0FB01988DEDE3
:10AB6000030A9DED030A90ED011AB4EE410AF1EEDD
:10AB700010FA07DAFFE70199886C48640020049016
:10AB80000390FFE7019890ED080A9DED041A20EE6E
:10AB9000010A8DED080A90ED0E0AB5EE400AF1EEBD
:10ABA00010FA0DD1FFE7019890ED0F0AB5EE400ABB
:10ABB000F1EE10FA04D1FFE74FF07E50029034E03E
:10ABC00001989DED030A90ED0E1AB4EE410AF1EEE4
:10ABD00010FA04DCFFE74FF07E50029024E0019869
:10ABE0009DED030A90ED0E1A90ED0F2A31EE021A38
:10ABF000B4EE410AF1EE10FA12DAFFE701989DED8A
:10AC0000032A90ED0E0A90ED0F1A30EE420A80EE04
:10AC1000010AB7EE001A30EE010A8DED020A02E0D9
:10AC200000200290FFE7FFE7FFE7019890ED0C0A94
:10AC3000B5EE400AF1EE10FA10D0FFE7019901F1EC
:10AC40004C0091ED092A91ED0C1AB1EE410A80EE0B
:10AC5000020AC1EE020AFBF737FDFFE7019890ED0B
:10AC6000100AB5EE400AF1EE10FA1AD1FFE701988A
:10AC70009DED020A90ED002A90ED131A20EE020AD3
:10AC80009DED042A20EE020A30EE010A80ED130A3F
:10AC900090ED090A90ED131A20EE010A8DED070AD6
:10ACA0002AE001989DED030A90ED101AB4EE410AD6
:10ACB000F1EE10FA1ADAFFE701989DED020A90ED25
:10ACC000002A90ED131A20EE020A9DED042A20EED0
:10ACD000020A30EE010A80ED130A90ED090A90EDA8
:10ACE000131A20EE010A8DED070A04E001990020F5
:10ACF000C8640790FFE7FFE70198007A90B9FFE783
:10AD0000019890ED001A90ED063A90ED0A0A9DED3B
:10AD1000042A32EE432A20EE020A80EE010A8DED6B
:10AD2000060A11E0019890ED001A90ED032A90EDCB
:10AD30000A0A90ED123A32EE432A20EE020A80EE21
:10AD4000010A8DED060AFFE7019890ED042A90EDC7
:10AD50000B1A90ED110A30EE420A20EE010A8DED39
:10AD6000050A9DED080A9DED071A30EE010A9DEDDA
:10AD7000061A30EE010A9DED051A30EE010A80ED4B
:10AD8000070A90ED0D0AB5EE400AF1EE10FA0AD06E
:10AD9000FFE7019901F11C00D1ED0D0AB1EE600A47
:10ADA000FBF792FCFFE70199886CC860486C08616A
:10ADB000C8694861049888610AB080BD8EB002AA53
:10ADC0000092024600980D9280ED0A0AC0ED090A31
:10ADD00080ED081AC0ED071A80ED062AC0ED052A9D
:10ADE00080ED043AC0ED033A80ED024AC0ED014A1D
:10ADF00080ED005A8DF807100D990C9808620B9899
:10AE000048620A9888620998C86208980863079897
:10AE1000486306980860059848600498886303981A
:10AE2000C863029808649DF8070008720EB0704766
:10AE300081B00090009890ED070A01B070470000C3
:10AE400082B001908DED000A01990098886202B0ED
:10AE50007047000082B001908DED000A01990098C2
:10AE6000486202B07047000082B001908DED000A88
:10AE700001990098086202B07047000082B001900A
:10AE80008DED000A01990098886402B070470000B7
:10AE900081B0009000980021C16001614161816131
:10AEA000C161016241628162C16201634163816388
:10AEB000C163016441648164C16401B070470000F2
:10AEC00081B08DF803009DF90300002812D4FFE73C
:10AED0009DF9031001F01F02012090404A094EF233
:10AEE0008011CEF2000141F82200BFF34F8FBFF373
:10AEF0006F8FFFE701B0704781B08DF803009DF9B7
:10AF0000030000280ED4FFE79DF9031001F01F0293
:10AF1000012090404A094EF20011CEF2000141F8A2
:10AF20002200FFE701B070474EF60C50CEF2000051
:10AF30000068C0F30220704782B08DF807000091CE
:10AF40009DF9070000280AD4FFE7009800019DF949
:10AF500007104EF20042CEF2000288540BE0009837
:10AF600000019DF8071001F00F014EF61452CEF2C9
:10AF700000028854FFE702B07047000083B00290DF
:10AF8000029800F0070000904EF60C51CEF200013E
:10AF90000868019001984FF6FF0210400190019857
:10AFA000009A40EA02200022C0F2FA5210430190B7
:10AFB0000198086003B0704780B542F2E440C2F2E5
:10AFC0000000FFF7C1FA80BD80B541F6BC60C2F257
:10AFD0000000FFF7B9F880BD80B541F6B010C2F2AD
:10AFE0000000FEF7D7FE80BD80B541F6A820C2F272
:10AFF0000000FEF7CFFE80BD80B541F2CC50C2F21A
:10B000000000FFF779FD80BD80B541F23860C2F2E3
:10B010000000FFF771FD80BD80B541F69400C2F2DB
:10B020000000FFF791F880BD80B541F2A460C2F244
:10B030000000FFF789F880BD80B541F29C70C2F234
:10B040000000FFF781F880BD80B541F6B470C2F210
:10B050000000FFF779F880BD80B542F2AC00C2F283
:10B060000000FFF771F880BD80B542F2A410C2F273
:10B070000000FFF769F880BD80B542F29C20C2F263
:10B080000000FFF761F880BD80B542F29430C2F253
:10B090000000FFF759F880BD80B541F6C450C2F2F8
:10B0A0000000FFF751F880BD80B542F22C50C2F28B
:10B0B0000000FFF749F880BD80B542F22460C2F27B
:10B0C0000000FFF741F880BD2DE9F04FADF29C5D27
:10B0D00000205A90CDF89805F8F738FAFBF75AFC9B
:10B0E000FAF720FAFAF700FAFAF7AEF9FAF7D4F914
:10B0F000FAF784FBFAF7AAFBFAF740FBFAF75EFBD4
:10B100000F20DFEDFC0ACDED410AB0EE600AFDF73D
:10B1100053F840F2C030C2F2000046F20551C0F6CA
:10B120000001816240F20442C2F2000246F2ED5098
:10B13000C0F600002B90906241F6D430C2F20000BD
:10B140005990FDF7A7F82B9941F6FC30C2F20000A8
:10B150005C90FDF79FF841F6CC40C2F200002C90C5
:10B1600046F62971C0F600016422FDF7A3F92C9977
:10B170006A46AB20506006204990106042F2E440DD
:10B18000C2F2000040F21403C2F200030822FFF7EB
:10B190002FF9FBF78FFAFBF7C1FAFDF74DFEFDF72C
:10B1A000A9FCFDF751FDFDF707FDFDF7D5FC0346B2
:10B1B0004DF28D22C0F600020DF5A3602E90802185
:10B1C0002D91F5F743F92D9902462E98CDF81425C7
:10B1D000DDF81425FDF70EFD9DED415A5A9941F613
:10B1E000BC60C2F200004390B2EE0C0A8DED2F0A53
:10B1F000F3EE092ACDED5E2A9FEDBF3A8DED333A8D
:10B20000F0EE450AB0EE451AF0EE451AB0EE452ACA
:10B21000F0EE453AB0EE454AF0EE454AFFF7CEFD76
:10B220009DED2F0A9DED333A9DED415A5A99DDED82
:10B230005E2A41F6B470C2F200004490F0EE450A76
:10B24000B0EE451AF0EE451AB0EE452AF0EE453A5A
:10B25000B0EE454AF0EE454AFFF7B0FD9DED2F0AEE
:10B260009DED333A9DED415A5A99DDED5E2A42F249
:10B27000AC00C2F200004590F0EE450AB0EE451A6F
:10B28000F0EE451AB0EE452AF0EE453AB0EE454AEA
:10B29000F0EE454AFFF792FD9DED2F0A9DED333A02
:10B2A0009DED415A5A99DDED5E2A42F2A410C2F298
:10B2B00000004690F0EE450AB0EE451AF0EE451A51
:10B2C000B0EE452AF0EE453AB0EE454AF0EE454A7A
:10B2D000FFF774FD9DED333A9DED415A43985A991D
:10B2E00050309FED860A8DED3B0ADFED850ACDEDEE
:10B2F000300A9FED842A8DED312ADFED832ACDEDD2
:10B30000322AB0EE451AF0EE451AF0EE453AB0EEAC
:10B31000454AF0EE454AFFF751FDDDED300A9DED5F
:10B32000312ADDED322A9DED333A9DED3B0A9DED4C
:10B33000415A44985A995030B0EE451AF0EE451AE9
:10B34000F0EE453AB0EE454AF0EE454AFFF736FDDD
:10B35000DDED300A9DED312ADDED322A9DED333AE7
:10B360009DED3B0A9DED415A45985A995030B0EEFB
:10B37000451AF0EE451AF0EE453AB0EE454AF0EEC9
:10B38000454AFFF71BFDDDED300A9DED312ADDED6D
:10B39000322A9DED333A9DED3B0A9DED415A469888
:10B3A0005A995030B0EE451AF0EE451AF0EE453A93
:10B3B000B0EE454AF0EE454AFFF700FD9DED415ADB
:10B3C0005A9942F29C20C2F200004C909FED4F0A25
:10B3D0008DED340AF2EE042ACDED5F2A9FED4C3A52
:10B3E0008DED403AF0EE450AB0EE451AF0EE451A02
:10B3F000B0EE452AF0EE453AB0EE454AF0EE454A49
:10B40000FFF7DCFC9DED340A9DED403A9DED415A7D
:10B410005A99DDED5F2A42F29430C2F200004E905C
:10B42000F0EE450AB0EE451AF0EE451AB0EE452AA8
:10B43000F0EE453AB0EE454AF0EE454AFFF7BEFC65
:10B440009DED403A9DED415A4C985A9950309FEDF0
:10B45000310A8DED380ADFED300ACDED3C0A9FED63
:10B460002F2A8DED392ADFED2E2ACDED4B2AB0EEB5
:10B47000451AF0EE451AF0EE453AB0EE454AF0EEC8
:10B48000454AFFF79BFC9DED380A9DED392ADDED1D
:10B490003C0A9DED403A9DED415ADDED4B2A4E9818
:10B4A0005A995030B0EE451AF0EE451AF0EE453A92
:10B4B000B0EE454AF0EE454AFFF780FC9DED403A7C
:10B4C0009DED415A5A9941F6C450C2F20000539082
:10B4D000B2EE0E0A8DED3D0ADFED122ACDED362AD1
:10B4E000F0EE450AB0EE451AF0EE451AB0EE452AE8
:10B4F00000F026B8000000006F12033B0000FA4382
:10B500000000964300007A4400E0AB4500000C4286
:10B510006F12833A000048440000484200803B45D7
:10B5200000401C4600002042000070420000FA4427
:10B5300000002F449A99993E000080460000104276
:10B54000F0EE453AB0EE454AF0EE454AFFF736FCDC
:10B550009DED380A9DED392ADDED3C0A9DED403A1E
:10B560009DED415ADDED4B2A53985A995030B0EE7B
:10B57000451AF0EE451AF0EE453AB0EE454AF0EEC7
:10B58000454AFFF71BFC9DED3D0A9DED403A9DEDC0
:10B59000415A5A9942F22C50C2F200005090F1EEFA
:10B5A000082ACDED352AF0EE450AB0EE451AF0EE48
:10B5B000451AB0EE452AF0EE453AB0EE454AF0EEB7
:10B5C000454AFFF7FBFB9DED380A9DED392ADDED7D
:10B5D0003C0A9DED403A9DED415ADDED4B2A5098D5
:10B5E0005A995030B0EE451AF0EE451AF0EE453A51
:10B5F000B0EE454AF0EE454AFFF7E0FBDDED352AB7
:10B600009DED3D0A9DED403A9DED415A5A9942F219
:10B610002460C2F200005190F0EE450AB0EE451AE7
:10B62000F0EE451AB0EE452AF0EE453AB0EE454A46
:10B63000F0EE454AFFF7C2FB9DED380A9DED392A31
:10B64000DDED3C0A9DED403A9DED415ADDED4B2A82
:10B6500051985A995030B0EE451AF0EE451AF0EE76
:10B66000453AB0EE454AF0EE454AFFF7A7FBDDED5F
:10B67000362A9DED3D0A9DED403A9DED415A5A997D
:10B6800041F69400C2F200003790F0EE450AB0EEA9
:10B69000451AF0EE451AB0EE452AF0EE453AB0EE06
:10B6A000454AF0EE454AFFF789FB37989DED380A89
:10B6B0009DED392ADDED3C0A9DED403A9DED415A64
:10B6C000DDED4B2A5A995030B0EE451AF0EE451A8E
:10B6D000F0EE453AB0EE454AF0EE454AFFF76EFB14
:10B6E0009DED3D0A9DED403A9DED415A5A9941F23A
:10B6F000A460C2F200003A905FED752ACDED3E2ABB
:10B70000F0EE450AB0EE451AF0EE451AB0EE452AC5
:10B71000F0EE453AB0EE454AF0EE454AFFF74EFBF3
:10B720003A989DED3B0ADDED3C0A9DED403A9DEDDA
:10B73000415ADDED4B2A5A9950301FED842A8DED88
:10B740003F2AB0EE451AF0EE451AF0EE453AB0EE5B
:10B75000454AF0EE454AFFF731FB9DED3D0ADDED30
:10B760003E2A9DED403A9DED415A5A9941F6B0105E
:10B77000C2F200004790F0EE450AB0EE451AF0EE36
:10B78000451AB0EE452AF0EE453AB0EE454AF0EEE5
:10B79000454AFFF713FB9DED3B0ADDED3C0A9DEDAD
:10B7A0003F2A9DED403A9DED415A4798DDED4B2AE9
:10B7B0005A995030B0EE451AF0EE451AF0EE453A7F
:10B7C000B0EE454AF0EE454AFFF7F8FA9DED3D0A26
:10B7D0009DED403A9DED415A5A9941F6A820C2F29A
:10B7E00000004890F1EE042AF0EE450AB0EE451A4A
:10B7F000F0EE451AB0EE452AF0EE453AB0EE454A75
:10B80000F0EE454AFFF7DAFADDED3E0A9DED3F2AFC
:10B810009DED403A9DED415A4898DDED4B2A5A99ED
:10B8200050301FEDBD0AB0EE451AF0EE451AF0EEAD
:10B83000453AB0EE454AF0EE454AFFF7BFFA9DEDB6
:10B840005F0A41F2CC50C2F200005890FFF74AF96B
:10B8500058981FEDC80A8DED420AFFF739F99DEDA2
:10B860005F0A41F23860C2F200005B90FFF73AF9DC
:10B870009DED420A5B98FFF72BF9439859990122F5
:10B880004D9203235593B3EE030A8DED560A5FEDF7
:10B89000D60ACDED570AFEF7EBFB4498559B9DED7C
:10B8A000560ADDED570A599902224F92FEF7E0FB46
:10B8B0004598559B9DED560ADDED570A59991A4654
:10B8C000FEF7D6FB4698559B9DED560ADDED570ACF
:10B8D000599904225292FEF7CBFB4798DDED4B0AB3
:10B8E000559B5999052254921FEDEC0A8DED4A0A99
:10B8F000FEF7E4F94898499A9DED4A0ADDED4B0AB6
:10B90000559B5999FEF7DAF94C984D9A559B9DED48
:10B91000560ADDED570A5C99FEF7AAFB4E984F9A3E
:10B92000559B9DED560ADDED570A5C99FEF7A0FB8D
:10B930005098559B9DED560ADDED570A5C991A46C5
:10B94000FEF796FB5198529A559B9DED560ADDEDF8
:10B95000570A5C99FEF78CFB5398549A559B9DEDC2
:10B96000560ADDED570A5C99FEF782FB5898599903
:10B970005A9ADDED5E0A9DED5F1A6B461A601B2236
:10B980000B23B2EE090A8DED5D0ADFEDC61ACDED8F
:10B99000601AFEF745FF5A9A5B985C999DED5D0A27
:10B9A000DDED5E0A9DED5F1ADDED601A6B461A60F3
:10B9B0001A220A23FEF734FFFFE742F2B640C2F232
:10B9C00000000078002800F0CB80FFE742F2B6418B
:10B9D000C2F200010020087042F29D40C2F2000055
:10B9E00000780F2840F0BB80FFE742F29D40C2F292
:10B9F0000000FAF7A1FC002800F0A880FFE742F25F
:10BA0000E041C2F20001086801300860FBF782F8EB
:10BA1000F7F776FDCDF81005DDF8100541F29851E5
:10BA2000C2F200010968401A6428C0F08E80FFE766
:10BA3000DDF8100541F29851C2F20001086040F2B1
:10BA40006C40C2F200001E90418E2291818E29919D
:10BA5000C18E2191018F2091418F2391848FC58FB9
:10BA6000B0F84060B0F84270B0F84480B0F846904A
:10BA7000B0F848A0B0F84AB0B0F84C102891B0F82F
:10BA80004E102791B0F85010269190F85200259052
:10BA900040F23040C2F20000417F249190ED060A4E
:10BAA0008DED1F0A40F60040C4F202004FF4005131
:10BAB000F7F7F6FC9DED1F0ADDF880C0219A229B66
:10BAC000DDF88CE069462A91886424992A98BDEEB5
:10BAD000C00A80ED110A016425982A99C863269945
:10BAE0002A98816327982A99486328992A9801639C
:10BAF00029982A99C1F82CB0C1F828A0C1F824903F
:10BB0000C1F82080CF618E614D610C61C1F80CE0FD
:10BB1000C1F808C04A6008604DF2D922C0F60002A0
:10BB2000DBA84FF4D271F4F791FCDA90DA9801288F
:10BB30000ADBFFE7DA98B0F5D27F04DBFFE740F2DB
:10BB4000A310DA90FFE7FFE7FFE707E042F2DC41EE
:10BB5000C2F20001086801300860FFE7FFE7FFE775
:10BB6000F7F7CEFCD990D99841F29C51C2F200016E
:10BB70000968401AB0F5FA7FC0F08880FFE7D998CD
:10BB800041F29C51C2F20001086042F2D440C2F27C
:10BB90000000036842F2C040C2F2000000681C903E
:10BBA00042F2B840C2F20000026842F2E040C2F243
:10BBB0000000D0F800C042F2DC40C2F20000D0F831
:10BBC00000E042F2D840C2F20000046842F2C440F1
:10BBD000C2F20000057842F2CD40C2F200000678C1
:10BBE00042F2CC40C2F20000077842F2BC40C2F2FE
:10BBF000000090F8008040F24430C2F2000090F85B
:10BC0000009041F68440C2F20000D0F844A0D998D8
:10BC100042F2C841C2F200010968A0EB010BD998B9
:10BC200042F2D041C2F200010968411A68461D90F3
:10BC300001631C981D99C1F82CB0C1F828A0C1F867
:10BC40002490C1F82080CF618E614D610C61C1F8F4
:10BC50000CE0C1F808C04A6008604DF27732C0F6C7
:10BC6000000298A84FF48271F4F7F0FB9790979830
:10BC700001280ADBFFE79798B0F5827F04DBFFE736
:10BC800040F203109790FFE7FFE7FFE7D99841F2F2
:10BC9000A051C2F200010968401A0228C0F0818058
:10BCA00002E000BFDA2D2441D99841F2A051C2F23E
:10BCB00000010860FBF7B4FB41F6BC60C2F2000073
:10BCC000FEF752F941F6B470C2F20000FEF74CF9EB
:10BCD00042F2AC00C2F20000FEF746F942F2A410B4
:10BCE000C2F20000FEF740F942F29C20C2F20000CE
:10BCF000FEF73AF942F29430C2F20000FEF734F94E
:10BD000041F6C450C2F20000FEF72EF942F22C5068
:10BD1000C2F20000FEF728F942F22460C2F20000ED
:10BD2000FEF722F941F6B010C2F20000FDF742FF23
:10BD300041F6A820C2F20000FDF73CFF41F2CC50D2
:10BD4000C2F20000FEF7F2FC41F23860C2F20000DD
:10BD5000FEF7ECFCFCF7D6F941F29051C2F200017B
:10BD6000086801300860642813D3FFE741F290515E
:10BD7000C2F200010020086041F2CC50C2F2000083
:10BD8000FEF72CFD41F23860C2F20000FEF726FDFE
:10BD9000FFE741F28851C2F20001086801300860F3
:10BDA000FFE741F6A450C2F20000007860B3FFE75D
:10BDB00041F6A451C2F200010020087041F6A850DB
:10BDC000C2F200000068189041F6B050C2F20000C4
:10BDD00000681990F7F794FB189B0246199869467A
:10BDE0004A6008604DF23C42C0F600027FA81B90FA
:10BDF00060211A91F4F72AFB1A9902461B987E9249
:10BE00007E9AFCF7F7FEFFE741F29450C2F2000081
:10BE1000007818BBFFE7FCF79FFE7D907D9A48F203
:10BE20001F50C5F2EB10A2FB0010C0094FF4C871FF
:10BE300000FB112064307C9041F29451C2F2000169
:10BE400001200870F7F75CFB7C990844A0F57A7034
:10BE500041F28C51C2F200010860FFE7F7F750FB96
:10BE600041F28C51C2F200010968401AB0F57A7FA4
:10BE700049D3FFE7F7F744FB41F28C51C2F20001CE
:10BE8000086033208DF8EE0143F23120ADF8EC016B
:10BE900041F65C50C2F200007BA903221423F9F79B
:10BEA00035FA8DF8EB019DF8EB0140B9FFE741F25F
:10BEB0008451C2F20001086801300860FFE741F2D6
:10BEC0008450C2F20000006814909DF8EB011590B8
:10BED000F7F716FB149B0246159869464A600860FE
:10BEE0004DF20A42C0F600020DF28B10179060214D
:10BEF0001691F4F7ABFA1699024617986192619A77
:10BF0000FCF778FEFFE758E55FEA400C08BF91F0C8
:10BF1000000F4FEA8C234FEAC12243EA51514FEA06
:10BF20001C5018BF00F5F0404FEA300018BF41F038
:10BF300000415FEA6C5C00F02980BCF1FF3F08BF64
:10BF400040F080407047130C06BF12044FF0100CF5
:10BF50004FF0000C130E04BF12020CF1080C130F6B
:10BF600004BF12010CF1040C930F04BF92000CF1FA
:10BF7000020CD30F04BF52000CF1010C11464FF01C
:10BF80000002A0F11F00A0EB0C00704711F0004F61
:10BF900008BF704731F000413FF4D5AF0B0C06BF2E
:10BFA00009044FF0100C4FF0000C0B0E04BF0902F7
:10BFB0000CF1080C0B0F04BF09010CF1040C8B0FE2
:10BFC00004BF89000CF1020CCB0F04BF49000CF137
:10BFD000010CCCF1200322FA03F341EA030102FA37
:10BFE0000CF2A0EB0C0000F10100704723F07F473A
:10BFF00020F07F4C80EA030000F00040ACEB070328
:10C0000003F57C5303F1FF032DE9804909B44FEA9E
:10C01000144324EA03484FEA154B25EA0B4E0FF26E
:10C02000042606EB13273E7803FB0667C7F50007D7
:10C0300007FB06F64FEAD64606F102064FEA5437EA
:10C0400007FB066CCCF1005C4FEA1C472CEA074C5E
:10C050000CFB06F507FB06F404EB15464FEA9616B3
:10C0600049085FEA320234BF00204FF000404FEA37
:10C07000D13706FB07FC4FEA1C4C0CFB0BF7D21B1D
:10C0800003FB0CF761EB07010CFB0EF7B0EB07406D
:10C0900072EB17420CFB08F734BFA2EB0742B2EB7E
:10C0A000074261EB17414FEA0C444FEA910706FB48
:10C0B00007FC4FEA1C4C0CFB0BF7B0EBC74072EBD4
:10C0C000573203FB0CF734BFA2EBC742B2EBC742B7
:10C0D00061EB57310CFB0EF7B0EBC70072EB5772F8
:10C0E0000CFB08F734BFA2EBC702B2EBC70261EB4F
:10C0F00057714FEA816141EA92114FEA826242EA46
:10C1000090124FEA806004EBCC04039F4FEAD137D2
:10C1100006FB07FC4FEA1C4C0CFB0BF7D21B03FB86
:10C120000CF761EB07010CFB0EF7B0EB074072EB6D
:10C1300017420CFB08F734BFA2EB0742B2EB0742F1
:10C1400061EB17414FEA8C5504EB9C244FEA9107B1
:10C1500006FB07FC4FEA1C4C0CFB0BF7B0EBC7408F
:10C1600072EB573203FB0CF734BFA2EBC742B2EBC2
:10C17000C74261EB57310CFB0EF7B0EBC70072EB17
:10C1800057720CFB08F734BFA2EBC702B2EBC70231
:10C1900061EB57714FEA816141EA92114FEA826285
:10C1A00042EA90124FEA806015EB4C2544F10004FE
:10C1B0004FEAD13706FB07FC4FEA1C4C0CFB0BF790
:10C1C000D21B03FB0CF761EB07010CFB0EF7B0EB86
:10C1D000074072EB17420CFB08F734BFA2EB074293
:10C1E000B2EB074261EB17414FEA813141EA9241DC
:10C1F0004FEA823242EA90424FEA80304FEA0C76B0
:10C2000015EB1C1544F1000448EA03434EEA0B48C1
:10C210004FF0000EB2EB080C71EB030724BF62462F
:10C2200039464EEB0E0E4FF0000B001852414941BB
:10C230004BEB0B0BB2EB080C71EB03077BF1000B24
:10C2400024BF624639464EEB0E0E4FF0000B00182D
:10C25000524149414BEB0B0BB2EB080C71EB03075E
:10C260007BF1000B24BF624639464EEB0E0E51EABD
:10C27000020718BF46F0010616EB0E7655F10002D4
:10C2800054F1000103D5BDE88901BDE80088BDE88F
:10C290008901BDE80048B619524141EB0101A3F103
:10C2A0000103704780807F7E7D7C7B7A797877760A
:10C2B00076757473727171706F6E6E6D6C6C6B6A83
:10C2C0006A69686867666665646463636261616021
:10C2D000605F5F5E5E5D5D5C5C5B5B5A5A5959589E
:10C2E0005857575656555555545453535252525108
:10C2F000515050504F4F4F4E4E4D4D4D4C4C4C4B5E
:10C300004B4B4A4A4A4949494848484747474746A4
:10C3100046464545454444444443434343424242E0
:10C32000424141419C46002B30D477002BD04FEA4C
:10C3300037071CB503B44FF010004FF01001BAF1ED
:10C34000000F06D0BCF1000FDCBF40F0080040F049
:10C3500008014FF000000FBCBDE810400BF1010BCD
:10C36000BBF1010F08BF5FEA170722BF12F10102FC
:10C3700011F101014FF0004143F1000300F00040D2
:10C3800043EA00007047F9D35708D0E746EA06466B
:10C390004FEA164613F1400F1FDD13F1200FDFBFE8
:10C3A00016430A46002120335B42BED0C3F120076A
:10C3B00046EA06464FEA164602FA07F746EA070635
:10C3C00022FA03F2C3F1200701FA07F742EA070253
:10C3D00021FA03F14FF00003A7E746EA020646EA16
:10C3E00006464FEA164646EA0106BCBF46EA06463E
:10C3F000360C4FF000034FF000024FF0000194E7BD
:10C400002DE9804C70B49A46934691E8380007C8ED
:10C4100031EA400C48BF34EA430C03D5FFF7E6FD90
:10C42000FFF780FFF0BCBDE8008C2DE9804C70B4B4
:10C430009A46934691E8380007C810F0804F08BF2D
:10C4400013F0804F03D100F005F8FFF76BFFF0BC4D
:10C45000BDE8008C20F07F4723F07F4C80EA03008A
:10C4600000F0004007EB0C03A3F57C53A3F1FE039F
:10C4700092F0000F00F0B38095F0000F00F077808D
:10C480002DE901494FEA114021EA00484FEA1446DC
:10C4900024EA064700FB06FC08FB06F607FB08F843
:10C4A00018EB06484CEB164C00FB07F718EB074857
:10C4B0004CEB17404FEA124B22EA0B4E4FEA15465F
:10C4C00025EA06470BFB06FC0EFB06F607FB0EFEF5
:10C4D0001EEB064E4CEB164C0BFB07F71EEB074E04
:10C4E0004CEB174B18EB0B0840F1000018EB0E0B50
:10C4F00058EB000840F100008F1A4FF000014FF098
:10C5000000063CBFC943661B14BFB5EB040C0021F9
:10C510003CBFC943F61B4FEA174427EA04454FEADC
:10C520001C472CEA074C04FB076205FB07F70CFBD2
:10C5300005F616EB074642EB174204FB0CFC16EB24
:10C540000C4642EB1C421BEB060658EB0202414133
:10C550004EEA8E0E46EA9E0601D5BDE80189B6195F
:10C56000524141EB0101A3F10103BDE801894FEA0A
:10C57000144524EA05464FEA114721EA074C05FB1A
:10C5800007F406FB07F70CFB06F111EB074144EB40
:10C59000174405FB0CFC11EB0C4144EB1C444FEA27
:10C5A000124722EA074C05FB07F206FB07F70CFBD4
:10C5B00006F616EB074642EB174205FB0CFC16EBA2
:10C5C0000C4642EB1C456A1854F1000148BF704705
:10C5D000B619524141EB0101A3F10103704795F0F7
:10C5E000000F37D04FEA114221EA02464FEA1447C2
:10C5F00024EA074C02FB07F106FB07F70CFB06F4E5
:10C6000014EB074441EB174102FB0CFC14EB0C4408
:10C6100041EB1C414FEA154725EA074C02FB07F5A1
:10C6200006FB07F70CFB06F616EB074645EB17452E
:10C6300002FB0CFC16EB0C4645EB1C42121951F1A7
:10C64000000148BF7047B619524141EB0101A3F107
:10C65000010370474FEA144524EA05464FEA1147A3
:10C6600021EA074C05FB07F106FB07F70CFB06F276
:10C6700012EB074241EB174105FB0CFC12EB0C429D
:10C6800051EB1C414FF0000648BF7047921841EB38
:10C690000101A3F10103704703B401984100009820
:10C6A00050EAC12018BF04204A0D18BF40F0010015
:10C6B00040F2FF72B2EB515F08BF40F00200012868
:10C6C00008BF052002B070474100080218BF0420CF
:10C6D0000A0E18BF40F001004FF07F4232EA01011C
:10C6E00008BF40F00200012808BF05207047000085
:10C6F00010B510EE100A2DED068BB7EE001A10EEF5
:10C70000901AB0EE418A0022A0F5000CDFEDFE9AEF
:10C710004FF00073BCF1FE4F4FF07F4403EB410C30
:10C7200080F0B481BCF1804FC0F02082F749014411
:10C730009FEDF73AB1F5005F40F2D48200F5802119
:10C74000CB0C03F00F0101EE901AC3F307137F3BEC
:10C75000A0EBC350B8EEE12A00EE100A1A44DFED58
:10C76000ED2AF0EE411A42EE221AF0EE613A70EE36
:10C77000232A30EE632A12EE900A00F500606FF370
:10C780000B0001EE900A73EEE13A33EE804AC1EEFF
:10C79000223A22EE230A10EE100A00F500606FF331
:10C7A0000B0000EE100A00EE612A00EE442A62EE51
:10C7B000232A70EE221A21EEA12ADFEDD73A02EEEB
:10C7C000233A23EE023A20EE012A22EE811A03EEEA
:10C7D000211A32EE010A10EE100A00F500606FF324
:10C7E0000B0000EE100A72EE401A31EE812A9FED26
:10C7F000CB1A60EE011A9FEDCA1A20EE011A9FEDC6
:10C80000C90A02EE001A31EE810A10EE100A00F594
:10C8100000606FF30B0000EE100AC34871EEC01AFF
:10C8200031EE812A784400EBC10090ED003AD0ED62
:10C83000011A100101EE100AF8EEC12A32EE211A97
:10C8400031EE001A31EE031A31EE221A11EE100AFF
:10C8500000F500606FF30B0009EE100A39EE621A62
:10C8600031EE431A31EE400A30EE610A32EE40AA50
:10C8700010EE900A002100F500606FF30B0008EE47
:10C88000900A084670EEE8AA4FF0000029EE280A48
:10C8900000F00C01F0EEC00A10EE900AB0F18B4FE0
:10C8A0000DDD10EE900AB4EB400F08D310EE100A25
:10C8B0004FF08B4262F31E0008EE900A13E069EE1F
:10C8C0002A0A38EEAA1A4AEE010A30EE201A11EEB0
:10C8D000100A00F500606FF30B0008EE900A30EECE
:10C8E000680A70EE209A0C204FF0000038EEA90A7A
:10C8F000B5EEC00AF1EE10FA34BFFEEE000AF6EE15
:10C90000000A30EE800ABDEEC00A10EE100A0111D6
:10C9100000EE101AF8EEC00A00EE100AB8EEC00AD7
:10C9200038EEC00A30EE290ADFED801A9FED801A3A
:10C9300000EE211ADFED7F1A7F4900F00F0040EE74
:10C94000011A21EE800A794401EB800191ED001A71
:10C950007A49794401EB8001D1ED001A784901EE62
:10C96000801A794401EB8000764990ED000A31EE9F
:10C97000001AB0EEE00A10EE100A884215DA10EE46
:10C98000100AB4EB400F10D39FED6F0A30EE800A0F
:10C99000DFED6E0A20EE200A68EE010ABDEC068B80
:10C9A000BCEEC00A20EE200A10BD10EE100A684945
:10C9B000884243DA10EE100AB4EB400F3ED3BDEECE
:10C9C000E00A68EE010A10EE100A00EBD072511076
:10C9D000C90501F17E5100EE101AA0EB6200C005FE
:10C9E00060EE200A00F17E5000EE100A60EE808AB0
:10C9F00018EE900AB4EB400F0FD10220F3F7C9FDF7
:10CA000000F0BEF910EE101A18EE100ABDEC068BFD
:10CA100061F31E0000EE100A10BD18EE900A4000EF
:10CA200011D018EE900AFFF74FFE042808BF00F05F
:10CA3000AFF9B0EE680ABDEC068B10BDF5EEC00A8A
:10CA4000F1EE10FA0FD20220F3F7A3FD00F0A0F9E7
:10CA500010EE101A18EE100ABDEC068B61F31E00E2
:10CA600000EE100A10BD0220F3F793FD00F088F9E4
:10CA700010EE101AB0EE480A10EE100ABDEC068B4C
:10CA800061F31E0000EE100A10BD00BFBCF1804F24
:10CA90006CD300BF00F1FF43B3F1FE4F24D200BFBF
:10CAA000B0EEC00A10EE100AC1F3C7537F2B0DDBA6
:10CAB000972BBFF63BAEC3F196034FF0010C0CFA77
:10CAC00003F3A3F1010C1CEA010F08D00120F3F7D6
:10CAD00060FDBDEC068BBDE8104000F049B90B428B
:10CAE00018BFBFEE008A21E643001CBF4FF08073E1
:10CAF000B3EB400F34D96FF01A02DFED161A20EEB7
:10CB0000210A10EE100A27E000000000001080C08B
:10CB1000ABAAAA3E0000803D7EE24C3E00B0384207
:10CB2000D49AB8BB3BAA3842FC070000FC596337D3
:10CB3000C9FF753A1872313D9A070000CE07000010
:10CB40003E0700000000FC420000FE420000004BD7
:10CB5000000040430000004D10F0004FA0D1E5E57B
:10CB6000A0F50003B3F1FE4F21D2DFE503EB410353
:10CB7000B3F1007F11D3F5EEC00AF1EE10FA05D142
:10CB8000430018BFB4EB400F76D883E701F00041B3
:10CB900041F0FC5100EE901A7CE7B3F1807F06D2A1
:10CBA00010EE903AA3F5000300EE903A72E720F001
:10CBB00000426FF0FF4C604C02EB0C03A34210D319
:10CBC00021F000439C44A4450BD3B0F17E5F18BF15
:10CBD0005FEA410C50D0B2F1FF4F98BFB3F1FF4F65
:10CBE00005D9BDEC068BBDE8104000F0BDB8B0F132
:10CBF000FF4F0FD0C1F3C7527F2A09DB972A11DA02
:10CC0000C2F19602012303FA02F2531E0B4205D031
:10CC1000002208E011F0004F55D128E00A4218BF69
:10CC2000012200D1022210F5000F13D028B3B0F179
:10CC3000004F26D010F1814F4FD04FF0FE42B2EBA3
:10CC4000400F94BF01200020012202EBE1718842D5
:10CC500039D10CE011F0004F02D0012A38D032E077
:10CC6000012A02BF9FED350ABDEC068B10BD9FED7A
:10CC7000340ABDEC068B10BD2FE011F0004F0CD133
:10CC800021E0B1F1FF4F1ED011F5000F05D011F0DA
:10CC9000004F15D00AB1012A08D00220F3F779FC21
:10CCA000BDEC068BBDE8104000F054B80220F3F74D
:10CCB00070FC00F04FF8BDEC068BB1EE400A10BDE1
:10CCC0000AB1012A04D0B0EE690ABDEC068B10BD92
:10CCD000BDEC068B9FED1B0A10BDBDEC068BB7EEBD
:10CCE000000A10BD30EE410AB5EE001A9FED172A7A
:10CCF00000EE413AB6EE001A60EE001A00EE431A5A
:10CD000061EEC11A9FED101A20EE011A20EE020A00
:10CD10009FED0F2A01EE820A71EE001A11EE900AC1
:10CD200000F500606FF30B0009EE100A31EE491AAE
:10CD300031EE00AA9CE50000FFFF3F00000080FFED
:10CD40000000807F0000008000B0B841D49A38BB5A
:10CD50003BAAB841DFED030AB7EE001A81EE200AC4
:10CD6000704700000000000030EE200A704700000D
:10CD7000DFED020A80EEA00A70470000000000000C
:10CD80009FED020A20EE000A7047000000000070CC
:10CD90009FED020A20EE000A70470000000000101C
:10CDA00030380A2801D20120704700207047000067
:10CDB00010B500290AD00878002807D00548784423
:10CDC000F3F78EFB002801D0002010BD0248784404
:10CDD00010BD0000D6060000CE06000010B50029E8
:10CDE0000AD00878002807D005487844F3F778FB84
:10CDF000002801D0002010BD0248784410BD00007A
:10CE0000C6060000BE06000021F0004201F000430B
:10CE1000A2F16052B2F5801F28BFD2F17F6C0BD90E
:10CE20005FEA001C43EAC20242EB507018BF704731
:10CE300028BF20F001007047B2F5801FBCBF184624
:10CE400070474FEA410C1CF5001F02D2084600F063
:10CE5000DFB870B500F009F800000089FFF7F6BFF1
:10CE60004FF00040A0F5800070470EF1020E2EF04A
:10CE7000030E5EF8046B364205D4012A43EB03052A
:10CE800015F5001F12D8012841EB010C1CF5001FFD
:10CE90000CD80ED14FEAD17C0CEB4C0C0CF1020CEF
:10CEA00015F5001F08BF4CEBD37C04E04FF0080CD5
:10CEB00001E04FEAD37C0CEB4C0526FA05F606F0B0
:10CEC0000706B6F1040C06D20EEB860CBDE87040E6
:10CED0004CF0010C6047DFE80CF0090B02024FF048
:10CEE0000041A1F500214FF0000070BD1946104629
:10CEF000012851EB010418BFD4F5001484BF0020B1
:10CF000001F0004170BD0808A0F500114FEA3101A1
:10CF10007047000043004FEAD30C4FEA3C0C4340FB
:10CF20001FBF40070CF1605113F0FE4F70471CF01B
:10CF3000006F03D10CF00041002070470CF000435B
:10CF400043EA507040EACC0010B500F00EF800BF84
:10CF5000000000924FEA0001FFF7D5BF4FF00041FB
:10CF6000A1F500214FF0000070470EF1020E2EF0E7
:10CF7000030E5EF8044B244204D44FEA4102B2F19E
:10CF80007F4F11D84FEA4003B3F17F4F0CD80ED139
:10CF90004FEAD07C0CEB4C0C0CF1020CB2F17F4F41
:10CFA00008BF4CEBD17C04E04FF0080C01E04FEAE5
:10CFB000D17C0CEB4C0324FA03F404F00704B4F125
:10CFC000040C06D20EEB840CBDE810404CF0010CB2
:10CFD0006047DFE80CF0070802024FF00040A0F5C0
:10CFE000800010BD0846420018BFD2F1807288BF91
:10CFF00000F0004010BDF1EE100A4FF6FF71C0F2D4
:10D00000C03120EA010040F04070E1EE100A7047A4
:10D01000FF2141EAD050C0057047F3F7EFBEF4F7A7
:10D0200023B8000000000000000000000000B33F33
:10D03000B2BE7D3A00002E40DFCF513800007E4066
:10D04000BF51FABA00E0A44019DAC3BA00E0C84000
:10D05000C2ED8AB90040EB40CD1F2CBA001006414A
:10D060002AFFFABA00C01541DFCFD13700D02441E2
:10D070009A97703A0050334189478E3600404141BB
:10D08000E75B9D3800B04E41C00A98B900A05B41F3
:10D09000558F943A00306841DA92C0BA004074412A
:10D0A00062B3C63A0000803F00A0853F00908B3FEE
:10D0B00000C0913F0030983F00F09E3F00F0A53F38
:10D0C0000050AD3F0000B53F0000BD3F0060C53FD0
:10D0D0000020CE3F0040D73F00C0E03F00C0EA3F05
:10D0E0000020F53F000000007D36AC397D3C38392A
:10D0F000EBDCF438320A7E39124C26399B6AED3962
:10D10000A4EE83397F661E39F6398A392B42653998
:10D11000A48211395B991F39C3EECD39DDE7C637DB
:10D12000A5A22F390000803FC3AA853FC2958B3F3F
:10D13000D3C3913FF037983F32F59E3FD7FEA53FCE
:10D140003F58AD3FF304B53FA408BD3F2A67C53F34
:10D150008C24CE3FFD44D73FDFCCE03FC7C0EA3F41
:10D160007D25F53F00000000000000003031323323
:10D17000343536373839414243444546403058000B
:10D18000303132333435363738396162636465663D
:10D190004030780004000008000000000000000299
:10D1A0000001000010303132333435363738396100
:10D1B00062636465667870003031323334353637F7
:10D1C000383941424344454658500000024000006F
:10D1D000000000A00000000005400000000000C8A2
:10D1E000000000000C4000000000409C0000000017
:10D1F000194000000020BCBE0000000034400000C8
:10D20000BFC91B8E00000004B5400000504BCFD0BA
:10D210006607E2CF010000006C4100003E8251AA87
:10D22000DFEEA73401000000D9420000DCB5A0E227
:10D230003A301F97FFFFFFFFB4450000FD25A0C84F
:10D24000E9A3C14FFFFFFFFFFF3F00000000008088
:10D2500000000000FF3F0000000000800000000010
:10D260000000000000000000010203040607080996
:10D27000000000000102030400061016000610164C
:10D28000313233FFAA000000FFAA6988B55B49521A
:10D29000385D20746573742073746172742C20552A
:10D2A000415254382031313532303020384E312C13
:10D2B0002073656E64203132332C20555341525413
:10D2C000322064656275672C20626F6172643D3044
:10D2D000782530386C580D0A005342555320434886
:10D2E000313A2575204348323A2575204348333A70
:10D2F0002575204348343A2575204348353A25752D
:10D30000204348363A2575204348373A257520434F
:10D3100048383A2575204348393A25752043483125
:10D32000303A257520434831313A2575204348313C
:10D33000323A257520434831333A25752043483128
:10D34000343A257520434831353A25752043483114
:10D35000363A257520436F6E6E3A2575204D6F6401
:10D36000653A257520417578323A2564205044315C
:10D37000333A25750D0A00534255535F52582062C7
:10D38000797465733A256C75206864723A256C75FA
:10D39000206672616D65733A256C75206F6B3A2556
:10D3A0006C75206661696C3A256C75206572723AFD
:10D3B000256C75206C6173743A30782530325820B2
:10D3C000666C61673A30782530325820656E643A71
:10D3D000307825303258206964783A257520776195
:10D3E00069743A257520756172744572723A3078A5
:10D3F0002530386C5820616765423A256C7520618C
:10D400006765463A256C750D0A005B495238205411
:10D41000585D203132332C2074785F636F756E74E1
:10D420003D256C752C207374617475733D25642CD7
:10D43000207469636B3D256C750D0A005B49523899
:10D440002052585D203132332C2072785F636F7523
:10D450006E743D256C752C20627974655F636F7501
:10D460006E743D256C752C207469636B3D256C755D
:10D470000D0A0000C8D50008000000204803000085
:10D48000E801000810D6000848030020F02F000033
:10D49000240200081C00000043000000F8FFFFFF0A
:10D4A0000C0000000E0000000F0000002E00000025
:10D4B0001001000043000000F8FFFFFF0040404063
:10D4C0004040404040404141414141404040404057
:10D4D0004040404040404040404040404005020203
:10D4E00002020202020202020202020202202020C2
:10D4F000202020202020200202020202020290901E
:10D50000909090901010101010101010101010101B
:10D51000101010101010101002020202020288886F
:10D52000888888880808080808080808080808087B
:10D530000808080808080808020202024000000063
:10D5400000000000000000000000000000000000DB
:10D5500000000000000000000000000000000000CB
:10D5600000000000000000000000000000000000BB
:10D5700000000000000000000000000000000000AB
:10D58000000000000000000000000000000000009B
:10D59000000000000000000000000000000000008B
:10D5A000000000000000000000000000000000007B
:10D5B000000000000000000000000000000000006B
:10D5C000498CFFFF00000000001763FFFFFFFFFF13
:10D5D000FFFFFBFFFFFFFFFFFFFFFC0024F40070D5
:10D5E0006103636961036364610363706F0363696B
:10D5F0006F0363646F075F746F72717565036366B1
:10D6000078330202338025420142104201000000BB
:04000005080001AD41
:00000001FF
